Date,variable,value
2023-02-01,Administered_Dose1_Recip,269064626.0
2023-01-25,Administered_Dose1_Recip,268927705.0
2023-01-18,Administered_Dose1_Recip,268765902.0
2023-01-11,Administered_Dose1_Recip,268556888.0
2023-01-04,Administered_Dose1_Recip,268546218.0
2022-12-28,Administered_Dose1_Recip,268363272.0
2022-12-21,Administered_Dose1_Recip,268143349.0
2022-12-14,Administered_Dose1_Recip,267907969.0
2022-12-07,Administered_Dose1_Recip,267654789.0
2022-11-30,Administered_Dose1_Recip,267346533.0
2022-11-23,Administered_Dose1_Recip,267804921.0
2022-11-16,Administered_Dose1_Recip,267476279.0
2022-11-09,Administered_Dose1_Recip,267032055.0
2022-11-02,Administered_Dose1_Recip,266401911.0
2022-10-26,Administered_Dose1_Recip,266031472.0
2022-10-19,Administered_Dose1_Recip,265591330.0
2022-10-12,Administered_Dose1_Recip,265111489.0
2022-10-05,Administered_Dose1_Recip,264562221.0
2022-09-28,Administered_Dose1_Recip,264112767.0
2022-09-21,Administered_Dose1_Recip,263812108.0
2022-09-14,Administered_Dose1_Recip,263415633.0
2022-09-07,Administered_Dose1_Recip,263103582.0
2022-08-31,Administered_Dose1_Recip,262908216.0
2022-08-24,Administered_Dose1_Recip,262643277.0
2022-08-17,Administered_Dose1_Recip,262323837.0
2022-08-10,Administered_Dose1_Recip,261981618.0
2022-08-03,Administered_Dose1_Recip,261591428.0
2022-07-27,Administered_Dose1_Recip,261654261.0
2022-07-20,Administered_Dose1_Recip,261204035.0
2022-07-13,Administered_Dose1_Recip,260728030.0
2022-07-06,Administered_Dose1_Recip,260327743.0
2022-06-29,Administered_Dose1_Recip,259957415.0
2022-06-22,Administered_Dose1_Recip,259426758.0
2022-06-16,Administered_Dose1_Recip,259198178.0
2022-06-15,Administered_Dose1_Recip,259148285.0
2022-06-14,Administered_Dose1_Recip,259048060.0
2022-06-13,Administered_Dose1_Recip,259002087.0
2022-06-12,Administered_Dose1_Recip,258984883.0
2022-06-11,Administered_Dose1_Recip,258953600.0
2022-06-10,Administered_Dose1_Recip,258896220.0
2022-06-09,Administered_Dose1_Recip,258853549.0
2022-06-08,Administered_Dose1_Recip,258881611.0
2022-06-07,Administered_Dose1_Recip,258865995.0
2022-06-06,Administered_Dose1_Recip,258800250.0
2022-06-05,Administered_Dose1_Recip,258779830.0
2022-06-04,Administered_Dose1_Recip,258747147.0
2022-06-03,Administered_Dose1_Recip,258682487.0
2022-06-02,Administered_Dose1_Recip,258685370.0
2022-06-01,Administered_Dose1_Recip,258655540.0
2022-05-31,Administered_Dose1_Recip,258586526.0
2022-05-30,Administered_Dose1_Recip,258567659.0
2022-05-29,Administered_Dose1_Recip,258550448.0
2022-05-28,Administered_Dose1_Recip,258521082.0
2022-05-27,Administered_Dose1_Recip,258463968.0
2022-05-26,Administered_Dose1_Recip,258394333.0
2022-05-25,Administered_Dose1_Recip,258312266.0
2022-05-24,Administered_Dose1_Recip,258256059.0
2022-05-23,Administered_Dose1_Recip,258174992.0
2022-05-22,Administered_Dose1_Recip,258149591.0
2022-05-21,Administered_Dose1_Recip,258106038.0
2022-05-20,Administered_Dose1_Recip,258036101.0
2022-05-19,Administered_Dose1_Recip,258074668.0
2022-05-18,Administered_Dose1_Recip,258008907.0
2022-05-17,Administered_Dose1_Recip,257942199.0
2022-05-16,Administered_Dose1_Recip,257870633.0
2022-05-15,Administered_Dose1_Recip,257846006.0
2022-05-14,Administered_Dose1_Recip,257804117.0
2022-05-13,Administered_Dose1_Recip,257738565.0
2022-05-12,Administered_Dose1_Recip,257707346.0
2022-05-11,Administered_Dose1_Recip,258284015.0
2022-05-10,Administered_Dose1_Recip,258229583.0
2022-05-09,Administered_Dose1_Recip,258165428.0
2022-05-08,Administered_Dose1_Recip,258132925.0
2022-05-07,Administered_Dose1_Recip,258080764.0
2022-05-06,Administered_Dose1_Recip,257995280.0
2022-05-05,Administered_Dose1_Recip,257960561.0
2022-05-04,Administered_Dose1_Recip,257881623.0
2022-05-03,Administered_Dose1_Recip,257823699.0
2022-05-02,Administered_Dose1_Recip,257747817.0
2022-05-01,Administered_Dose1_Recip,257699646.0
2022-04-30,Administered_Dose1_Recip,257641065.0
2022-04-29,Administered_Dose1_Recip,257565087.0
2022-04-28,Administered_Dose1_Recip,257496852.0
2022-04-27,Administered_Dose1_Recip,257423254.0
2022-04-26,Administered_Dose1_Recip,257354769.0
2022-04-25,Administered_Dose1_Recip,257296710.0
2022-04-24,Administered_Dose1_Recip,257255601.0
2022-04-23,Administered_Dose1_Recip,257188688.0
2022-04-22,Administered_Dose1_Recip,257105236.0
2022-04-21,Administered_Dose1_Recip,257058180.0
2022-04-20,Administered_Dose1_Recip,256935026.0
2022-04-19,Administered_Dose1_Recip,256880347.0
2022-04-18,Administered_Dose1_Recip,256814643.0
2022-04-17,Administered_Dose1_Recip,256777441.0
2022-04-16,Administered_Dose1_Recip,256721753.0
2022-04-15,Administered_Dose1_Recip,256578697.0
2022-04-14,Administered_Dose1_Recip,256590734.0
2022-04-13,Administered_Dose1_Recip,256489187.0
2022-04-12,Administered_Dose1_Recip,256363358.0
2022-04-11,Administered_Dose1_Recip,256266662.0
2022-04-10,Administered_Dose1_Recip,256213167.0
2022-04-09,Administered_Dose1_Recip,256151498.0
2022-04-08,Administered_Dose1_Recip,256062152.0
2022-04-07,Administered_Dose1_Recip,255975678.0
2022-04-06,Administered_Dose1_Recip,255873739.0
2022-04-05,Administered_Dose1_Recip,255838817.0
2022-04-04,Administered_Dose1_Recip,255765972.0
2022-04-03,Administered_Dose1_Recip,255713962.0
2022-04-02,Administered_Dose1_Recip,255654273.0
2022-04-01,Administered_Dose1_Recip,255582575.0
2022-03-31,Administered_Dose1_Recip,255534750.0
2022-03-30,Administered_Dose1_Recip,255428475.0
2022-03-29,Administered_Dose1_Recip,255362450.0
2022-03-28,Administered_Dose1_Recip,255303233.0
2022-03-27,Administered_Dose1_Recip,255271920.0
2022-03-26,Administered_Dose1_Recip,255221135.0
2022-03-25,Administered_Dose1_Recip,255146100.0
2022-03-24,Administered_Dose1_Recip,255103626.0
2022-03-23,Administered_Dose1_Recip,255001325.0
2022-03-22,Administered_Dose1_Recip,254925941.0
2022-03-21,Administered_Dose1_Recip,255021542.0
2022-03-20,Administered_Dose1_Recip,254984673.0
2022-03-19,Administered_Dose1_Recip,254936123.0
2022-03-18,Administered_Dose1_Recip,254870034.0
2022-03-17,Administered_Dose1_Recip,254823742.0
2022-03-16,Administered_Dose1_Recip,254750626.0
2022-03-15,Administered_Dose1_Recip,254681134.0
2022-03-14,Administered_Dose1_Recip,254599776.0
2022-03-13,Administered_Dose1_Recip,254551489.0
2022-03-12,Administered_Dose1_Recip,254492315.0
2022-03-11,Administered_Dose1_Recip,254379621.0
2022-03-10,Administered_Dose1_Recip,254404423.0
2022-03-09,Administered_Dose1_Recip,254299172.0
2022-03-08,Administered_Dose1_Recip,254205456.0
2022-03-07,Administered_Dose1_Recip,254132442.0
2022-03-06,Administered_Dose1_Recip,254071045.0
2022-03-05,Administered_Dose1_Recip,254002347.0
2022-03-04,Administered_Dose1_Recip,253904022.0
2022-03-03,Administered_Dose1_Recip,253804278.0
2022-03-02,Administered_Dose1_Recip,253752684.0
2022-03-01,Administered_Dose1_Recip,253629644.0
2022-02-28,Administered_Dose1_Recip,253548597.0
2022-02-27,Administered_Dose1_Recip,253491557.0
2022-02-26,Administered_Dose1_Recip,253395029.0
2022-02-25,Administered_Dose1_Recip,253232298.0
2022-02-24,Administered_Dose1_Recip,253307984.0
2022-02-23,Administered_Dose1_Recip,253179401.0
2022-02-22,Administered_Dose1_Recip,253055679.0
2022-02-21,Administered_Dose1_Recip,252931609.0
2022-02-20,Administered_Dose1_Recip,252867733.0
2022-02-19,Administered_Dose1_Recip,252791817.0
2022-02-18,Administered_Dose1_Recip,252650507.0
2022-02-17,Administered_Dose1_Recip,252539755.0
2022-02-16,Administered_Dose1_Recip,252400057.0
2022-02-15,Administered_Dose1_Recip,252277758.0
2022-02-14,Administered_Dose1_Recip,252144326.0
2022-02-13,Administered_Dose1_Recip,252054215.0
2022-02-12,Administered_Dose1_Recip,251926344.0
2022-02-11,Administered_Dose1_Recip,251755851.0
2022-02-10,Administered_Dose1_Recip,251655172.0
2022-02-09,Administered_Dose1_Recip,251467303.0
2022-02-08,Administered_Dose1_Recip,251312470.0
2022-02-07,Administered_Dose1_Recip,251176199.0
2022-02-06,Administered_Dose1_Recip,251070439.0
2022-02-05,Administered_Dose1_Recip,250915858.0
2022-02-04,Administered_Dose1_Recip,250731754.0
2022-02-03,Administered_Dose1_Recip,250593665.0
2022-02-02,Administered_Dose1_Recip,250378993.0
2022-02-01,Administered_Dose1_Recip,250184240.0
2022-01-31,Administered_Dose1_Recip,250029773.0
2022-01-30,Administered_Dose1_Recip,249892470.0
2022-01-29,Administered_Dose1_Recip,249695301.0
2022-01-28,Administered_Dose1_Recip,249473925.0
2022-01-27,Administered_Dose1_Recip,249267851.0
2022-01-26,Administered_Dose1_Recip,251518114.0
2022-01-25,Administered_Dose1_Recip,251289667.0
2022-01-24,Administered_Dose1_Recip,250964433.0
2022-01-23,Administered_Dose1_Recip,250763600.0
2022-01-22,Administered_Dose1_Recip,250568431.0
2022-01-21,Administered_Dose1_Recip,250262153.0
2022-01-20,Administered_Dose1_Recip,250028635.0
2022-01-19,Administered_Dose1_Recip,249702939.0
2022-01-18,Administered_Dose1_Recip,249393487.0
2022-01-17,Administered_Dose1_Recip,249178814.0
2022-01-16,Administered_Dose1_Recip,248993714.0
2022-01-15,Administered_Dose1_Recip,248707432.0
2022-01-14,Administered_Dose1_Recip,248338448.0
2022-01-13,Administered_Dose1_Recip,247987225.0
2022-01-12,Administered_Dose1_Recip,247695845.0
2022-01-11,Administered_Dose1_Recip,247321023.0
2022-01-10,Administered_Dose1_Recip,247051363.0
2022-01-09,Administered_Dose1_Recip,246812939.0
2022-01-08,Administered_Dose1_Recip,246447823.0
2022-01-07,Administered_Dose1_Recip,246050320.0
2022-01-06,Administered_Dose1_Recip,245653518.0
2022-01-05,Administered_Dose1_Recip,245278020.0
2022-01-04,Administered_Dose1_Recip,244947293.0
2022-01-03,Administered_Dose1_Recip,244504202.0
2022-01-02,Administered_Dose1_Recip,244178294.0
2022-01-01,Administered_Dose1_Recip,244178294.0
2021-12-31,Administered_Dose1_Recip,243984454.0
2021-12-30,Administered_Dose1_Recip,243527564.0
2021-12-29,Administered_Dose1_Recip,243182423.0
2021-12-28,Administered_Dose1_Recip,242813374.0
2021-12-27,Administered_Dose1_Recip,242433620.0
2021-12-26,Administered_Dose1_Recip,242235943.0
2021-12-25,Administered_Dose1_Recip,242164618.0
2021-12-24,Administered_Dose1_Recip,241974358.0
2021-12-23,Administered_Dose1_Recip,241520561.0
2021-12-22,Administered_Dose1_Recip,241583543.0
2021-12-21,Administered_Dose1_Recip,241132288.0
2021-12-20,Administered_Dose1_Recip,241881712.0
2021-12-19,Administered_Dose1_Recip,241571084.0
2021-12-18,Administered_Dose1_Recip,241205528.0
2021-12-17,Administered_Dose1_Recip,240775382.0
2021-12-16,Administered_Dose1_Recip,240321022.0
2021-12-15,Administered_Dose1_Recip,239975167.0
2021-12-14,Administered_Dose1_Recip,239553956.0
2021-12-13,Administered_Dose1_Recip,239274656.0
2021-12-12,Administered_Dose1_Recip,239008166.0
2021-12-11,Administered_Dose1_Recip,238679707.0
2021-12-10,Administered_Dose1_Recip,238143066.0
2021-12-09,Administered_Dose1_Recip,237468725.0
2021-12-08,Administered_Dose1_Recip,237087380.0
2021-12-07,Administered_Dose1_Recip,236363835.0
2021-12-06,Administered_Dose1_Recip,236018871.0
2021-12-05,Administered_Dose1_Recip,235698738.0
2021-12-04,Administered_Dose1_Recip,235297964.0
2021-12-03,Administered_Dose1_Recip,234743864.0
2021-12-02,Administered_Dose1_Recip,234269053.0
2021-12-01,Administered_Dose1_Recip,233590555.0
2021-11-30,Administered_Dose1_Recip,233207582.0
2021-11-29,Administered_Dose1_Recip,232792508.0
2021-11-28,Administered_Dose1_Recip,231367686.0
2021-11-27,Administered_Dose1_Recip,231367686.0
2021-11-26,Administered_Dose1_Recip,231367686.0
2021-11-25,Administered_Dose1_Recip,231367686.0
2021-11-24,Administered_Dose1_Recip,231367686.0
2021-11-23,Administered_Dose1_Recip,230669289.0
2021-11-22,Administered_Dose1_Recip,230732565.0
2021-11-21,Administered_Dose1_Recip,230298744.0
2021-11-20,Administered_Dose1_Recip,229837421.0
2021-11-19,Administered_Dose1_Recip,229291004.0
2021-11-18,Administered_Dose1_Recip,228570531.0
2021-11-17,Administered_Dose1_Recip,228175638.0
2021-11-16,Administered_Dose1_Recip,227691941.0
2021-11-15,Administered_Dose1_Recip,227133617.0
2021-11-14,Administered_Dose1_Recip,226607653.0
2021-11-13,Administered_Dose1_Recip,226157226.0
2021-11-12,Administered_Dose1_Recip,225606197.0
2021-11-11,Administered_Dose1_Recip,225167371.0
2021-11-10,Administered_Dose1_Recip,224660453.0
2021-11-09,Administered_Dose1_Recip,224257467.0
2021-11-08,Administered_Dose1_Recip,223944369.0
2021-11-07,Administered_Dose1_Recip,223629671.0
2021-11-06,Administered_Dose1_Recip,223245121.0
2021-11-05,Administered_Dose1_Recip,222902939.0
2021-11-04,Administered_Dose1_Recip,222591394.0
2021-11-03,Administered_Dose1_Recip,222268786.0
2021-11-02,Administered_Dose1_Recip,221961370.0
2021-11-01,Administered_Dose1_Recip,221760691.0
2021-10-31,Administered_Dose1_Recip,221520153.0
2021-10-30,Administered_Dose1_Recip,221221467.0
2021-10-29,Administered_Dose1_Recip,220860887.0
2021-10-28,Administered_Dose1_Recip,221348530.0
2021-10-27,Administered_Dose1_Recip,220936118.0
2021-10-26,Administered_Dose1_Recip,220648845.0
2021-10-25,Administered_Dose1_Recip,220519217.0
2021-10-24,Administered_Dose1_Recip,220351217.0
2021-10-23,Administered_Dose1_Recip,220145796.0
2021-10-22,Administered_Dose1_Recip,219900525.0
2021-10-21,Administered_Dose1_Recip,219624445.0
2021-10-20,Administered_Dose1_Recip,219381466.0
2021-10-19,Administered_Dose1_Recip,219161368.0
2021-10-18,Administered_Dose1_Recip,218973123.0
2021-10-17,Administered_Dose1_Recip,218805579.0
2021-10-16,Administered_Dose1_Recip,218562924.0
2021-10-15,Administered_Dose1_Recip,218318056.0
2021-10-14,Administered_Dose1_Recip,217953275.0
2021-10-13,Administered_Dose1_Recip,217627490.0
2021-10-12,Administered_Dose1_Recip,217403897.0
2021-10-11,Administered_Dose1_Recip,217254327.0
2021-10-10,Administered_Dose1_Recip,217106207.0
2021-10-09,Administered_Dose1_Recip,216889814.0
2021-10-08,Administered_Dose1_Recip,216573911.0
2021-10-07,Administered_Dose1_Recip,216268034.0
2021-10-06,Administered_Dose1_Recip,216012495.0
2021-10-05,Administered_Dose1_Recip,215737487.0
2021-10-04,Administered_Dose1_Recip,215502382.0
2021-10-03,Administered_Dose1_Recip,215233625.0
2021-10-02,Administered_Dose1_Recip,214870696.0
2021-10-01,Administered_Dose1_Recip,214597690.0
2021-09-30,Administered_Dose1_Recip,214332261.0
2021-09-29,Administered_Dose1_Recip,214043376.0
2021-09-28,Administered_Dose1_Recip,213752856.0
2021-09-27,Administered_Dose1_Recip,213657193.0
2021-09-26,Administered_Dose1_Recip,213456787.0
2021-09-25,Administered_Dose1_Recip,213177462.0
2021-09-24,Administered_Dose1_Recip,212861380.0
2021-09-23,Administered_Dose1_Recip,212564346.0
2021-09-22,Administered_Dose1_Recip,212545360.0
2021-09-21,Administered_Dose1_Recip,212255202.0
2021-09-20,Administered_Dose1_Recip,212035328.0
2021-09-19,Administered_Dose1_Recip,211776515.0
2021-09-18,Administered_Dose1_Recip,211489242.0
2021-09-17,Administered_Dose1_Recip,211097597.0
2021-09-16,Administered_Dose1_Recip,210700361.0
2021-09-15,Administered_Dose1_Recip,210361099.0
2021-09-14,Administered_Dose1_Recip,209982936.0
2021-09-13,Administered_Dose1_Recip,209701005.0
2021-09-12,Administered_Dose1_Recip,209437152.0
2021-09-11,Administered_Dose1_Recip,209099300.0
2021-09-10,Administered_Dose1_Recip,208704230.0
2021-09-09,Administered_Dose1_Recip,208305270.0
2021-09-08,Administered_Dose1_Recip,208024209.0
2021-09-07,Administered_Dose1_Recip,207589611.0
2021-09-06,Administered_Dose1_Recip,207368409.0
2021-09-05,Administered_Dose1_Recip,207185227.0
2021-09-04,Administered_Dose1_Recip,206908710.0
2021-09-03,Administered_Dose1_Recip,206461869.0
2021-09-02,Administered_Dose1_Recip,205911640.0
2021-09-01,Administered_Dose1_Recip,205527578.0
2021-08-31,Administered_Dose1_Recip,205026070.0
2021-08-30,Administered_Dose1_Recip,204742648.0
2021-08-29,Administered_Dose1_Recip,204435968.0
2021-08-28,Administered_Dose1_Recip,203992008.0
2021-08-27,Administered_Dose1_Recip,203475192.0
2021-08-26,Administered_Dose1_Recip,202961676.0
2021-08-25,Administered_Dose1_Recip,202500853.0
2021-08-24,Administered_Dose1_Recip,202041893.0
2021-08-23,Administered_Dose1_Recip,201718587.0
2021-08-22,Administered_Dose1_Recip,201425785.0
2021-08-21,Administered_Dose1_Recip,200947556.0
2021-08-20,Administered_Dose1_Recip,200421787.0
2021-08-19,Administered_Dose1_Recip,199887548.0
2021-08-18,Administered_Dose1_Recip,199325940.0
2021-08-17,Administered_Dose1_Recip,198929642.0
2021-08-16,Administered_Dose1_Recip,198595349.0
2021-08-15,Administered_Dose1_Recip,198088722.0
2021-08-14,Administered_Dose1_Recip,197685048.0
2021-08-13,Administered_Dose1_Recip,197081471.0
2021-08-12,Administered_Dose1_Recip,196505543.0
2021-08-11,Administered_Dose1_Recip,196077952.0
2021-08-10,Administered_Dose1_Recip,195646711.0
2021-08-09,Administered_Dose1_Recip,195222906.0
2021-08-08,Administered_Dose1_Recip,194866738.0
2021-08-07,Administered_Dose1_Recip,194346486.0
2021-08-06,Administered_Dose1_Recip,193764457.0
2021-08-05,Administered_Dose1_Recip,193199353.0
2021-08-04,Administered_Dose1_Recip,192614017.0
2021-08-03,Administered_Dose1_Recip,192120576.0
2021-08-02,Administered_Dose1_Recip,191818585.0
2021-08-01,Administered_Dose1_Recip,191498983.0
2021-07-31,Administered_Dose1_Recip,190982149.0
2021-07-30,Administered_Dose1_Recip,190509183.0
2021-07-29,Administered_Dose1_Recip,189945907.0
2021-07-28,Administered_Dose1_Recip,189494180.0
2021-07-27,Administered_Dose1_Recip,188996475.0
2021-07-26,Administered_Dose1_Recip,188729282.0
2021-07-25,Administered_Dose1_Recip,188472188.0
2021-07-24,Administered_Dose1_Recip,187982826.0
2021-07-23,Administered_Dose1_Recip,187579557.0
2021-07-22,Administered_Dose1_Recip,187216168.0
2021-07-21,Administered_Dose1_Recip,186819440.0
2021-07-20,Administered_Dose1_Recip,186474836.0
2021-07-19,Administered_Dose1_Recip,186317651.0
2021-07-18,Administered_Dose1_Recip,186038501.0
2021-07-17,Administered_Dose1_Recip,185765452.0
2021-07-16,Administered_Dose1_Recip,185424899.0
2021-07-15,Administered_Dose1_Recip,185135757.0
2021-07-14,Administered_Dose1_Recip,184835149.0
2021-07-13,Administered_Dose1_Recip,184543821.0
2021-07-12,Administered_Dose1_Recip,184365333.0
2021-07-11,Administered_Dose1_Recip,184132768.0
2021-07-10,Administered_Dose1_Recip,183836917.0
2021-07-09,Administered_Dose1_Recip,183542871.0
2021-07-08,Administered_Dose1_Recip,183237046.0
2021-07-07,Administered_Dose1_Recip,182896080.0
2021-07-06,Administered_Dose1_Recip,182714064.0
2021-07-05,Administered_Dose1_Recip,182607097.0
2021-07-04,Administered_Dose1_Recip,182412776.0
2021-07-03,Administered_Dose1_Recip,182109860.0
2021-07-02,Administered_Dose1_Recip,181650678.0
2021-07-01,Administered_Dose1_Recip,181339416.0
2021-06-30,Administered_Dose1_Recip,180674739.0
2021-06-29,Administered_Dose1_Recip,179940202.0
2021-06-28,Administered_Dose1_Recip,179615165.0
2021-06-27,Administered_Dose1_Recip,179261269.0
2021-06-26,Administered_Dose1_Recip,178873816.0
2021-06-25,Administered_Dose1_Recip,178491147.0
2021-06-24,Administered_Dose1_Recip,178331677.0
2021-06-23,Administered_Dose1_Recip,177948892.0
2021-06-22,Administered_Dose1_Recip,177635067.0
2021-06-21,Administered_Dose1_Recip,177342954.0
2021-06-20,Administered_Dose1_Recip,177088290.0
2021-06-19,Administered_Dose1_Recip,176737141.0
2021-06-18,Administered_Dose1_Recip,176290249.0
2021-06-17,Administered_Dose1_Recip,175867860.0
2021-06-16,Administered_Dose1_Recip,175053401.0
2021-06-15,Administered_Dose1_Recip,174674144.0
2021-06-14,Administered_Dose1_Recip,174234573.0
2021-06-13,Administered_Dose1_Recip,173840483.0
2021-06-12,Administered_Dose1_Recip,173391711.0
2021-06-11,Administered_Dose1_Recip,172758350.0
2021-06-10,Administered_Dose1_Recip,172423605.0
2021-06-09,Administered_Dose1_Recip,172054276.0
2021-06-08,Administered_Dose1_Recip,171731584.0
2021-06-07,Administered_Dose1_Recip,171310738.0
2021-06-06,Administered_Dose1_Recip,170833221.0
2021-06-05,Administered_Dose1_Recip,170272150.0
2021-06-04,Administered_Dose1_Recip,169735441.0
2021-06-03,Administered_Dose1_Recip,169090262.0
2021-06-02,Administered_Dose1_Recip,168734435.0
2021-06-01,Administered_Dose1_Recip,168489729.0
2021-05-31,Administered_Dose1_Recip,168227462.0
2021-05-30,Administered_Dose1_Recip,167733972.0
2021-05-29,Administered_Dose1_Recip,167157043.0
2021-05-28,Administered_Dose1_Recip,166388129.0
2021-05-27,Administered_Dose1_Recip,165718717.0
2021-05-26,Administered_Dose1_Recip,165074907.0
2021-05-25,Administered_Dose1_Recip,164378258.0
2021-05-24,Administered_Dose1_Recip,163907827.0
2021-05-23,Administered_Dose1_Recip,163309414.0
2021-05-22,Administered_Dose1_Recip,162470794.0
2021-05-21,Administered_Dose1_Recip,161278336.0
2021-05-20,Administered_Dose1_Recip,160177820.0
2021-05-19,Administered_Dose1_Recip,159174963.0
2021-05-18,Administered_Dose1_Recip,158365411.0
2021-05-17,Administered_Dose1_Recip,157827208.0
2021-05-16,Administered_Dose1_Recip,157132234.0
2021-05-15,Administered_Dose1_Recip,156217367.0
2021-05-14,Administered_Dose1_Recip,155251852.0
2021-05-13,Administered_Dose1_Recip,154624231.0
2021-05-12,Administered_Dose1_Recip,153986312.0
2021-05-11,Administered_Dose1_Recip,153448316.0
2021-05-10,Administered_Dose1_Recip,152819904.0
2021-05-09,Administered_Dose1_Recip,152116936.0
2021-05-08,Administered_Dose1_Recip,151315505.0
2021-05-07,Administered_Dose1_Recip,150416559.0
2021-05-06,Administered_Dose1_Recip,149462265.0
2021-05-05,Administered_Dose1_Recip,148562891.0
2021-05-04,Administered_Dose1_Recip,147894671.0
2021-05-03,Administered_Dose1_Recip,147517734.0
2021-05-02,Administered_Dose1_Recip,147047012.0
2021-05-01,Administered_Dose1_Recip,146239208.0
2021-04-30,Administered_Dose1_Recip,144894586.0
2021-04-29,Administered_Dose1_Recip,143793565.0
2021-04-28,Administered_Dose1_Recip,142692987.0
2021-04-27,Administered_Dose1_Recip,141751857.0
2021-04-26,Administered_Dose1_Recip,140969663.0
2021-04-25,Administered_Dose1_Recip,139978480.0
2021-04-24,Administered_Dose1_Recip,138644724.0
2021-04-23,Administered_Dose1_Recip,137234889.0
2021-04-22,Administered_Dose1_Recip,135791031.0
2021-04-21,Administered_Dose1_Recip,134445595.0
2021-04-20,Administered_Dose1_Recip,133266995.0
2021-04-19,Administered_Dose1_Recip,132321628.0
2021-04-18,Administered_Dose1_Recip,131247546.0
2021-04-17,Administered_Dose1_Recip,129494179.0
2021-04-16,Administered_Dose1_Recip,127743096.0
2021-04-15,Administered_Dose1_Recip,125822868.0
2021-04-14,Administered_Dose1_Recip,123917385.0
2021-04-13,Administered_Dose1_Recip,122295530.0
2021-04-12,Administered_Dose1_Recip,120848490.0
2021-04-11,Administered_Dose1_Recip,119242902.0
2021-04-10,Administered_Dose1_Recip,117142879.0
2021-04-09,Administered_Dose1_Recip,114436039.0
2021-04-08,Administered_Dose1_Recip,112046611.0
2021-04-07,Administered_Dose1_Recip,109995734.0
2021-04-06,Administered_Dose1_Recip,108301234.0
2021-04-05,Administered_Dose1_Recip,107515428.0
2021-04-04,Administered_Dose1_Recip,106214924.0
2021-04-03,Administered_Dose1_Recip,104213478.0
2021-04-02,Administered_Dose1_Recip,101804762.0
2021-04-01,Administered_Dose1_Recip,99565311.0
2021-03-31,Administered_Dose1_Recip,97593290.0
2021-03-30,Administered_Dose1_Recip,96044046.0
2021-03-29,Administered_Dose1_Recip,95015762.0
2021-03-28,Administered_Dose1_Recip,93631163.0
2021-03-27,Administered_Dose1_Recip,91707729.0
2021-03-26,Administered_Dose1_Recip,89559225.0
2021-03-25,Administered_Dose1_Recip,87343622.0
2021-03-24,Administered_Dose1_Recip,85472166.0
2021-03-23,Administered_Dose1_Recip,83930495.0
2021-03-22,Administered_Dose1_Recip,82772416.0
2021-03-21,Administered_Dose1_Recip,81415769.0
2021-03-20,Administered_Dose1_Recip,79367225.0
2021-03-19,Administered_Dose1_Recip,77230061.0
2021-03-18,Administered_Dose1_Recip,75495716.0
2021-03-17,Administered_Dose1_Recip,73669956.0
2021-03-16,Administered_Dose1_Recip,72135616.0
2021-03-15,Administered_Dose1_Recip,71054445.0
2021-03-14,Administered_Dose1_Recip,69784210.0
2021-03-13,Administered_Dose1_Recip,68884011.0
2021-03-12,Administered_Dose1_Recip,65965305.0
2021-03-11,Administered_Dose1_Recip,64071674.0
2021-03-10,Administered_Dose1_Recip,62451150.0
2021-03-09,Administered_Dose1_Recip,61088527.0
2021-03-08,Administered_Dose1_Recip,60005231.0
2021-03-07,Administered_Dose1_Recip,58873710.0
2021-03-06,Administered_Dose1_Recip,57358849.0
2021-03-05,Administered_Dose1_Recip,55547697.0
2021-03-04,Administered_Dose1_Recip,54035670.0
2021-03-03,Administered_Dose1_Recip,52855579.0
2021-03-02,Administered_Dose1_Recip,51755447.0
2021-03-01,Administered_Dose1_Recip,50732997.0
2021-02-28,Administered_Dose1_Recip,49772180.0
2021-02-27,Administered_Dose1_Recip,48435536.0
2021-02-26,Administered_Dose1_Recip,47184199.0
2021-02-25,Administered_Dose1_Recip,46074392.0
2021-02-24,Administered_Dose1_Recip,45237143.0
2021-02-23,Administered_Dose1_Recip,44544969.0
2021-02-22,Administered_Dose1_Recip,44138118.0
2021-02-21,Administered_Dose1_Recip,43628092.0
2021-02-20,Administered_Dose1_Recip,42809595.0
2021-02-19,Administered_Dose1_Recip,41977401.0
2021-02-18,Administered_Dose1_Recip,35776638.0
2021-02-17,Administered_Dose1_Recip,35077955.0
2021-02-16,Administered_Dose1_Recip,34527889.0
2021-02-15,Administered_Dose1_Recip,34018061.0
2021-02-14,Administered_Dose1_Recip,33290345.0
2021-02-13,Administered_Dose1_Recip,32204245.0
2021-02-12,Administered_Dose1_Recip,0.0
2021-02-11,Administered_Dose1_Recip,0.0
2021-02-10,Administered_Dose1_Recip,0.0
2021-02-09,Administered_Dose1_Recip,0.0
2021-02-08,Administered_Dose1_Recip,0.0
2021-02-07,Administered_Dose1_Recip,0.0
2021-02-06,Administered_Dose1_Recip,0.0
2021-02-05,Administered_Dose1_Recip,0.0
2021-02-04,Administered_Dose1_Recip,0.0
2021-02-03,Administered_Dose1_Recip,0.0
2021-02-02,Administered_Dose1_Recip,0.0
2021-02-01,Administered_Dose1_Recip,0.0
2021-01-31,Administered_Dose1_Recip,0.0
2021-01-30,Administered_Dose1_Recip,0.0
2021-01-29,Administered_Dose1_Recip,0.0
2021-01-28,Administered_Dose1_Recip,0.0
2021-01-27,Administered_Dose1_Recip,0.0
2021-01-26,Administered_Dose1_Recip,0.0
2021-01-25,Administered_Dose1_Recip,0.0
2021-01-24,Administered_Dose1_Recip,0.0
2021-01-23,Administered_Dose1_Recip,0.0
2021-01-22,Administered_Dose1_Recip,0.0
2021-01-21,Administered_Dose1_Recip,0.0
2021-01-20,Administered_Dose1_Recip,0.0
2021-01-19,Administered_Dose1_Recip,0.0
2021-01-18,Administered_Dose1_Recip,0.0
2021-01-17,Administered_Dose1_Recip,0.0
2021-01-16,Administered_Dose1_Recip,0.0
2021-01-15,Administered_Dose1_Recip,0.0
2021-01-14,Administered_Dose1_Recip,0.0
2021-01-13,Administered_Dose1_Recip,0.0
2021-01-12,Administered_Dose1_Recip,0.0
2021-01-11,Administered_Dose1_Recip,0.0
2021-01-10,Administered_Dose1_Recip,0.0
2021-01-09,Administered_Dose1_Recip,0.0
2021-01-08,Administered_Dose1_Recip,0.0
2021-01-07,Administered_Dose1_Recip,0.0
2021-01-06,Administered_Dose1_Recip,0.0
2021-01-05,Administered_Dose1_Recip,0.0
2021-01-04,Administered_Dose1_Recip,0.0
2021-01-03,Administered_Dose1_Recip,0.0
2021-01-02,Administered_Dose1_Recip,0.0
2021-01-01,Administered_Dose1_Recip,0.0
2020-12-31,Administered_Dose1_Recip,0.0
2020-12-30,Administered_Dose1_Recip,0.0
2020-12-29,Administered_Dose1_Recip,0.0
2020-12-28,Administered_Dose1_Recip,0.0
2020-12-27,Administered_Dose1_Recip,0.0
2020-12-26,Administered_Dose1_Recip,0.0
2020-12-25,Administered_Dose1_Recip,0.0
2020-12-24,Administered_Dose1_Recip,0.0
2020-12-23,Administered_Dose1_Recip,0.0
2020-12-22,Administered_Dose1_Recip,0.0
2020-12-21,Administered_Dose1_Recip,0.0
2020-12-20,Administered_Dose1_Recip,0.0
2020-12-19,Administered_Dose1_Recip,0.0
2020-12-18,Administered_Dose1_Recip,0.0
2020-12-17,Administered_Dose1_Recip,0.0
2020-12-16,Administered_Dose1_Recip,0.0
2020-12-15,Administered_Dose1_Recip,0.0
2020-12-14,Administered_Dose1_Recip,0.0
2020-12-13,Administered_Dose1_Recip,0.0
2023-02-01,Series_Complete_Yes,229719115.0
2023-01-25,Series_Complete_Yes,229619755.0
2023-01-18,Series_Complete_Yes,229508443.0
2023-01-11,Series_Complete_Yes,229359062.0
2023-01-04,Series_Complete_Yes,229254623.0
2022-12-28,Series_Complete_Yes,229135170.0
2022-12-21,Series_Complete_Yes,228989746.0
2022-12-14,Series_Complete_Yes,228831995.0
2022-12-07,Series_Complete_Yes,228604758.0
2022-11-30,Series_Complete_Yes,228369460.0
2022-11-23,Series_Complete_Yes,228390445.0
2022-11-16,Series_Complete_Yes,228154832.0
2022-11-09,Series_Complete_Yes,227802408.0
2022-11-02,Series_Complete_Yes,227377753.0
2022-10-26,Series_Complete_Yes,226933827.0
2022-10-19,Series_Complete_Yes,226594560.0
2022-10-12,Series_Complete_Yes,226200755.0
2022-10-05,Series_Complete_Yes,225870613.0
2022-09-28,Series_Complete_Yes,225284115.0
2022-09-21,Series_Complete_Yes,224980931.0
2022-09-14,Series_Complete_Yes,224636858.0
2022-09-07,Series_Complete_Yes,224367691.0
2022-08-31,Series_Complete_Yes,224113439.0
2022-08-24,Series_Complete_Yes,223914723.0
2022-08-17,Series_Complete_Yes,223684995.0
2022-08-10,Series_Complete_Yes,223457170.0
2022-08-03,Series_Complete_Yes,223035566.0
2022-07-27,Series_Complete_Yes,223245563.0
2022-07-20,Series_Complete_Yes,222950194.0
2022-07-13,Series_Complete_Yes,222682315.0
2022-07-06,Series_Complete_Yes,222455652.0
2022-06-29,Series_Complete_Yes,222271398.0
2022-06-22,Series_Complete_Yes,222123223.0
2022-06-16,Series_Complete_Yes,221924152.0
2022-06-15,Series_Complete_Yes,221883332.0
2022-06-14,Series_Complete_Yes,221768203.0
2022-06-13,Series_Complete_Yes,221727733.0
2022-06-12,Series_Complete_Yes,221714657.0
2022-06-11,Series_Complete_Yes,221688993.0
2022-06-10,Series_Complete_Yes,221640799.0
2022-06-09,Series_Complete_Yes,221601089.0
2022-06-08,Series_Complete_Yes,221567092.0
2022-06-07,Series_Complete_Yes,221559553.0
2022-06-06,Series_Complete_Yes,221506997.0
2022-06-05,Series_Complete_Yes,221492058.0
2022-06-04,Series_Complete_Yes,221464416.0
2022-06-03,Series_Complete_Yes,221411336.0
2022-06-02,Series_Complete_Yes,221406167.0
2022-06-01,Series_Complete_Yes,221350544.0
2022-05-31,Series_Complete_Yes,221292360.0
2022-05-30,Series_Complete_Yes,221277550.0
2022-05-29,Series_Complete_Yes,221263403.0
2022-05-28,Series_Complete_Yes,221239256.0
2022-05-27,Series_Complete_Yes,221190484.0
2022-05-26,Series_Complete_Yes,221128528.0
2022-05-25,Series_Complete_Yes,221050854.0
2022-05-24,Series_Complete_Yes,221001614.0
2022-05-23,Series_Complete_Yes,220933970.0
2022-05-22,Series_Complete_Yes,220914142.0
2022-05-21,Series_Complete_Yes,220878432.0
2022-05-20,Series_Complete_Yes,220811243.0
2022-05-19,Series_Complete_Yes,220811434.0
2022-05-18,Series_Complete_Yes,220739345.0
2022-05-17,Series_Complete_Yes,220682023.0
2022-05-16,Series_Complete_Yes,220618615.0
2022-05-15,Series_Complete_Yes,220597701.0
2022-05-14,Series_Complete_Yes,220561439.0
2022-05-13,Series_Complete_Yes,220502022.0
2022-05-12,Series_Complete_Yes,220461007.0
2022-05-11,Series_Complete_Yes,220287778.0
2022-05-10,Series_Complete_Yes,220223617.0
2022-05-09,Series_Complete_Yes,220163884.0
2022-05-08,Series_Complete_Yes,220138061.0
2022-05-07,Series_Complete_Yes,220093855.0
2022-05-06,Series_Complete_Yes,220022176.0
2022-05-05,Series_Complete_Yes,219974190.0
2022-05-04,Series_Complete_Yes,219902417.0
2022-05-03,Series_Complete_Yes,219849502.0
2022-05-02,Series_Complete_Yes,219778035.0
2022-05-01,Series_Complete_Yes,219729731.0
2022-04-30,Series_Complete_Yes,219675939.0
2022-04-29,Series_Complete_Yes,219610128.0
2022-04-28,Series_Complete_Yes,219550028.0
2022-04-27,Series_Complete_Yes,219483386.0
2022-04-26,Series_Complete_Yes,219423356.0
2022-04-25,Series_Complete_Yes,219370557.0
2022-04-24,Series_Complete_Yes,219338297.0
2022-04-23,Series_Complete_Yes,219280491.0
2022-04-22,Series_Complete_Yes,219208559.0
2022-04-21,Series_Complete_Yes,219160055.0
2022-04-20,Series_Complete_Yes,219047079.0
2022-04-19,Series_Complete_Yes,218996861.0
2022-04-18,Series_Complete_Yes,218937361.0
2022-04-17,Series_Complete_Yes,218907165.0
2022-04-16,Series_Complete_Yes,218856150.0
2022-04-15,Series_Complete_Yes,218740564.0
2022-04-14,Series_Complete_Yes,218707476.0
2022-04-13,Series_Complete_Yes,218622907.0
2022-04-12,Series_Complete_Yes,218521227.0
2022-04-11,Series_Complete_Yes,218430663.0
2022-04-10,Series_Complete_Yes,218377792.0
2022-04-09,Series_Complete_Yes,218319564.0
2022-04-08,Series_Complete_Yes,218235689.0
2022-04-07,Series_Complete_Yes,218135613.0
2022-04-06,Series_Complete_Yes,218043500.0
2022-04-05,Series_Complete_Yes,217955850.0
2022-04-04,Series_Complete_Yes,217882466.0
2022-04-03,Series_Complete_Yes,217834304.0
2022-04-02,Series_Complete_Yes,217774183.0
2022-04-01,Series_Complete_Yes,217703007.0
2022-03-31,Series_Complete_Yes,217639435.0
2022-03-30,Series_Complete_Yes,217556439.0
2022-03-29,Series_Complete_Yes,217498967.0
2022-03-28,Series_Complete_Yes,217448365.0
2022-03-27,Series_Complete_Yes,217424576.0
2022-03-26,Series_Complete_Yes,217381416.0
2022-03-25,Series_Complete_Yes,217316148.0
2022-03-24,Series_Complete_Yes,217271157.0
2022-03-23,Series_Complete_Yes,217184868.0
2022-03-22,Series_Complete_Yes,217110680.0
2022-03-21,Series_Complete_Yes,217093232.0
2022-03-20,Series_Complete_Yes,217060180.0
2022-03-19,Series_Complete_Yes,217014962.0
2022-03-18,Series_Complete_Yes,216952347.0
2022-03-17,Series_Complete_Yes,216897061.0
2022-03-16,Series_Complete_Yes,216829829.0
2022-03-15,Series_Complete_Yes,216767955.0
2022-03-14,Series_Complete_Yes,216690804.0
2022-03-13,Series_Complete_Yes,216647869.0
2022-03-12,Series_Complete_Yes,216587984.0
2022-03-11,Series_Complete_Yes,216497318.0
2022-03-10,Series_Complete_Yes,216449810.0
2022-03-09,Series_Complete_Yes,216355844.0
2022-03-08,Series_Complete_Yes,216273632.0
2022-03-07,Series_Complete_Yes,216204455.0
2022-03-06,Series_Complete_Yes,216147515.0
2022-03-05,Series_Complete_Yes,216079408.0
2022-03-04,Series_Complete_Yes,215987252.0
2022-03-03,Series_Complete_Yes,215892470.0
2022-03-02,Series_Complete_Yes,215775839.0
2022-03-01,Series_Complete_Yes,215677777.0
2022-02-28,Series_Complete_Yes,215602728.0
2022-02-27,Series_Complete_Yes,215547917.0
2022-02-26,Series_Complete_Yes,215457016.0
2022-02-25,Series_Complete_Yes,215318037.0
2022-02-24,Series_Complete_Yes,215253201.0
2022-02-23,Series_Complete_Yes,215129430.0
2022-02-22,Series_Complete_Yes,215006201.0
2022-02-21,Series_Complete_Yes,214884459.0
2022-02-20,Series_Complete_Yes,214819753.0
2022-02-19,Series_Complete_Yes,214745073.0
2022-02-18,Series_Complete_Yes,214602856.0
2022-02-17,Series_Complete_Yes,214474721.0
2022-02-16,Series_Complete_Yes,214218580.0
2022-02-15,Series_Complete_Yes,214104148.0
2022-02-14,Series_Complete_Yes,213962983.0
2022-02-13,Series_Complete_Yes,213869678.0
2022-02-12,Series_Complete_Yes,213734419.0
2022-02-11,Series_Complete_Yes,213563173.0
2022-02-10,Series_Complete_Yes,213430434.0
2022-02-09,Series_Complete_Yes,213246140.0
2022-02-08,Series_Complete_Yes,213061117.0
2022-02-07,Series_Complete_Yes,212920278.0
2022-02-06,Series_Complete_Yes,212806521.0
2022-02-05,Series_Complete_Yes,212657682.0
2022-02-04,Series_Complete_Yes,212481465.0
2022-02-03,Series_Complete_Yes,212336183.0
2022-02-02,Series_Complete_Yes,212130684.0
2022-02-01,Series_Complete_Yes,211954555.0
2022-01-31,Series_Complete_Yes,211818885.0
2022-01-30,Series_Complete_Yes,211695131.0
2022-01-29,Series_Complete_Yes,211533229.0
2022-01-28,Series_Complete_Yes,211343818.0
2022-01-27,Series_Complete_Yes,211162083.0
2022-01-26,Series_Complete_Yes,210850212.0
2022-01-25,Series_Complete_Yes,210682471.0
2022-01-24,Series_Complete_Yes,210459963.0
2022-01-23,Series_Complete_Yes,210358008.0
2022-01-22,Series_Complete_Yes,210229586.0
2022-01-21,Series_Complete_Yes,210021766.0
2022-01-20,Series_Complete_Yes,209842610.0
2022-01-19,Series_Complete_Yes,209509297.0
2022-01-18,Series_Complete_Yes,209312770.0
2022-01-17,Series_Complete_Yes,209207803.0
2022-01-16,Series_Complete_Yes,209133044.0
2022-01-15,Series_Complete_Yes,208995438.0
2022-01-14,Series_Complete_Yes,208791862.0
2022-01-13,Series_Complete_Yes,208564894.0
2022-01-12,Series_Complete_Yes,208182657.0
2022-01-11,Series_Complete_Yes,207954605.0
2022-01-10,Series_Complete_Yes,207796335.0
2022-01-09,Series_Complete_Yes,207662071.0
2022-01-08,Series_Complete_Yes,207452448.0
2022-01-07,Series_Complete_Yes,207229983.0
2022-01-06,Series_Complete_Yes,207016514.0
2022-01-05,Series_Complete_Yes,206797799.0
2022-01-04,Series_Complete_Yes,206581659.0
2022-01-03,Series_Complete_Yes,206320507.0
2022-01-02,Series_Complete_Yes,206158534.0
2022-01-01,Series_Complete_Yes,206158534.0
2021-12-31,Series_Complete_Yes,206059564.0
2021-12-30,Series_Complete_Yes,205811394.0
2021-12-29,Series_Complete_Yes,205638307.0
2021-12-28,Series_Complete_Yes,205420745.0
2021-12-27,Series_Complete_Yes,205196973.0
2021-12-26,Series_Complete_Yes,205085244.0
2021-12-25,Series_Complete_Yes,205054826.0
2021-12-24,Series_Complete_Yes,204966561.0
2021-12-23,Series_Complete_Yes,204740321.0
2021-12-22,Series_Complete_Yes,204818717.0
2021-12-21,Series_Complete_Yes,204578725.0
2021-12-20,Series_Complete_Yes,204098982.0
2021-12-19,Series_Complete_Yes,203926479.0
2021-12-18,Series_Complete_Yes,203727446.0
2021-12-17,Series_Complete_Yes,203479206.0
2021-12-16,Series_Complete_Yes,203159327.0
2021-12-15,Series_Complete_Yes,202845886.0
2021-12-14,Series_Complete_Yes,202504037.0
2021-12-13,Series_Complete_Yes,202246698.0
2021-12-12,Series_Complete_Yes,201975235.0
2021-12-11,Series_Complete_Yes,201688550.0
2021-12-10,Series_Complete_Yes,201279582.0
2021-12-09,Series_Complete_Yes,200717387.0
2021-12-08,Series_Complete_Yes,200400533.0
2021-12-07,Series_Complete_Yes,199687439.0
2021-12-06,Series_Complete_Yes,199313022.0
2021-12-05,Series_Complete_Yes,198962520.0
2021-12-04,Series_Complete_Yes,198592167.0
2021-12-03,Series_Complete_Yes,198211641.0
2021-12-02,Series_Complete_Yes,197838728.0
2021-12-01,Series_Complete_Yes,197363116.0
2021-11-30,Series_Complete_Yes,197058988.0
2021-11-29,Series_Complete_Yes,196806194.0
2021-11-28,Series_Complete_Yes,196168756.0
2021-11-27,Series_Complete_Yes,196168756.0
2021-11-26,Series_Complete_Yes,196168756.0
2021-11-25,Series_Complete_Yes,196168756.0
2021-11-24,Series_Complete_Yes,196168756.0
2021-11-23,Series_Complete_Yes,195973992.0
2021-11-22,Series_Complete_Yes,196398948.0
2021-11-21,Series_Complete_Yes,196284442.0
2021-11-20,Series_Complete_Yes,196128496.0
2021-11-19,Series_Complete_Yes,195920566.0
2021-11-18,Series_Complete_Yes,195713107.0
2021-11-17,Series_Complete_Yes,195612365.0
2021-11-16,Series_Complete_Yes,195435688.0
2021-11-15,Series_Complete_Yes,195275904.0
2021-11-14,Series_Complete_Yes,195120470.0
2021-11-13,Series_Complete_Yes,194951106.0
2021-11-12,Series_Complete_Yes,194747839.0
2021-11-11,Series_Complete_Yes,194575146.0
2021-11-10,Series_Complete_Yes,194382921.0
2021-11-09,Series_Complete_Yes,194168611.0
2021-11-08,Series_Complete_Yes,194001108.0
2021-11-07,Series_Complete_Yes,193832584.0
2021-11-06,Series_Complete_Yes,193627929.0
2021-11-05,Series_Complete_Yes,193425862.0
2021-11-04,Series_Complete_Yes,193227813.0
2021-11-03,Series_Complete_Yes,192931486.0
2021-11-02,Series_Complete_Yes,192726406.0
2021-11-01,Series_Complete_Yes,192586927.0
2021-10-31,Series_Complete_Yes,192453500.0
2021-10-30,Series_Complete_Yes,192244927.0
2021-10-29,Series_Complete_Yes,191997869.0
2021-10-28,Series_Complete_Yes,191242432.0
2021-10-27,Series_Complete_Yes,190990750.0
2021-10-26,Series_Complete_Yes,190793100.0
2021-10-25,Series_Complete_Yes,190699790.0
2021-10-24,Series_Complete_Yes,190578704.0
2021-10-23,Series_Complete_Yes,190402262.0
2021-10-22,Series_Complete_Yes,190179553.0
2021-10-21,Series_Complete_Yes,189924447.0
2021-10-20,Series_Complete_Yes,189709710.0
2021-10-19,Series_Complete_Yes,189487793.0
2021-10-18,Series_Complete_Yes,189292559.0
2021-10-17,Series_Complete_Yes,189141481.0
2021-10-16,Series_Complete_Yes,188902483.0
2021-10-15,Series_Complete_Yes,188655196.0
2021-10-14,Series_Complete_Yes,188281747.0
2021-10-13,Series_Complete_Yes,187937559.0
2021-10-12,Series_Complete_Yes,187714829.0
2021-10-11,Series_Complete_Yes,187561865.0
2021-10-10,Series_Complete_Yes,187424186.0
2021-10-09,Series_Complete_Yes,187215471.0
2021-10-08,Series_Complete_Yes,186917921.0
2021-10-07,Series_Complete_Yes,186618184.0
2021-10-06,Series_Complete_Yes,186385751.0
2021-10-05,Series_Complete_Yes,186060146.0
2021-10-04,Series_Complete_Yes,185788098.0
2021-10-03,Series_Complete_Yes,185492579.0
2021-10-02,Series_Complete_Yes,185143698.0
2021-10-01,Series_Complete_Yes,184852416.0
2021-09-30,Series_Complete_Yes,184601450.0
2021-09-29,Series_Complete_Yes,184335263.0
2021-09-28,Series_Complete_Yes,184065824.0
2021-09-27,Series_Complete_Yes,183888907.0
2021-09-26,Series_Complete_Yes,183670870.0
2021-09-25,Series_Complete_Yes,183353326.0
2021-09-24,Series_Complete_Yes,182958696.0
2021-09-23,Series_Complete_Yes,182587334.0
2021-09-22,Series_Complete_Yes,182387840.0
2021-09-21,Series_Complete_Yes,182012343.0
2021-09-20,Series_Complete_Yes,181728072.0
2021-09-19,Series_Complete_Yes,181382976.0
2021-09-18,Series_Complete_Yes,181035022.0
2021-09-17,Series_Complete_Yes,180572171.0
2021-09-16,Series_Complete_Yes,180086143.0
2021-09-15,Series_Complete_Yes,179695287.0
2021-09-14,Series_Complete_Yes,179289983.0
2021-09-13,Series_Complete_Yes,178982950.0
2021-09-12,Series_Complete_Yes,178692875.0
2021-09-11,Series_Complete_Yes,178328389.0
2021-09-10,Series_Complete_Yes,177899458.0
2021-09-09,Series_Complete_Yes,177433044.0
2021-09-08,Series_Complete_Yes,177104652.0
2021-09-07,Series_Complete_Yes,176659496.0
2021-09-06,Series_Complete_Yes,176425172.0
2021-09-05,Series_Complete_Yes,176237874.0
2021-09-04,Series_Complete_Yes,175968266.0
2021-09-03,Series_Complete_Yes,175538025.0
2021-09-02,Series_Complete_Yes,174973937.0
2021-09-01,Series_Complete_Yes,174600017.0
2021-08-31,Series_Complete_Yes,174121529.0
2021-08-30,Series_Complete_Yes,173832202.0
2021-08-29,Series_Complete_Yes,173520211.0
2021-08-28,Series_Complete_Yes,173101292.0
2021-08-27,Series_Complete_Yes,172646952.0
2021-08-26,Series_Complete_Yes,172171009.0
2021-08-25,Series_Complete_Yes,171773370.0
2021-08-24,Series_Complete_Yes,171367657.0
2021-08-23,Series_Complete_Yes,171088954.0
2021-08-22,Series_Complete_Yes,170821621.0
2021-08-21,Series_Complete_Yes,170406785.0
2021-08-20,Series_Complete_Yes,169998983.0
2021-08-19,Series_Complete_Yes,169592873.0
2021-08-18,Series_Complete_Yes,169186268.0
2021-08-17,Series_Complete_Yes,168897604.0
2021-08-16,Series_Complete_Yes,168689357.0
2021-08-15,Series_Complete_Yes,168362058.0
2021-08-14,Series_Complete_Yes,168090925.0
2021-08-13,Series_Complete_Yes,167699170.0
2021-08-12,Series_Complete_Yes,167354729.0
2021-08-11,Series_Complete_Yes,167105507.0
2021-08-10,Series_Complete_Yes,166861912.0
2021-08-09,Series_Complete_Yes,166654374.0
2021-08-08,Series_Complete_Yes,166477481.0
2021-08-07,Series_Complete_Yes,166203176.0
2021-08-06,Series_Complete_Yes,165918256.0
2021-08-05,Series_Complete_Yes,165637566.0
2021-08-04,Series_Complete_Yes,165334987.0
2021-08-03,Series_Complete_Yes,165081416.0
2021-08-02,Series_Complete_Yes,164919666.0
2021-08-01,Series_Complete_Yes,164757423.0
2021-07-31,Series_Complete_Yes,164446964.0
2021-07-30,Series_Complete_Yes,164184080.0
2021-07-29,Series_Complete_Yes,163868916.0
2021-07-28,Series_Complete_Yes,163588042.0
2021-07-27,Series_Complete_Yes,163312474.0
2021-07-26,Series_Complete_Yes,163173366.0
2021-07-25,Series_Complete_Yes,163025726.0
2021-07-24,Series_Complete_Yes,162725812.0
2021-07-23,Series_Complete_Yes,162435276.0
2021-07-22,Series_Complete_Yes,162174165.0
2021-07-21,Series_Complete_Yes,161895045.0
2021-07-20,Series_Complete_Yes,161631676.0
2021-07-19,Series_Complete_Yes,161473715.0
2021-07-18,Series_Complete_Yes,161232483.0
2021-07-17,Series_Complete_Yes,160994035.0
2021-07-16,Series_Complete_Yes,160686378.0
2021-07-15,Series_Complete_Yes,160408538.0
2021-07-14,Series_Complete_Yes,160126516.0
2021-07-13,Series_Complete_Yes,159675163.0
2021-07-12,Series_Complete_Yes,159499224.0
2021-07-11,Series_Complete_Yes,159266536.0
2021-07-10,Series_Complete_Yes,158954417.0
2021-07-09,Series_Complete_Yes,158629431.0
2021-07-08,Series_Complete_Yes,158287566.0
2021-07-07,Series_Complete_Yes,157908171.0
2021-07-06,Series_Complete_Yes,157636088.0
2021-07-05,Series_Complete_Yes,157524223.0
2021-07-04,Series_Complete_Yes,157323738.0
2021-07-03,Series_Complete_Yes,156982549.0
2021-07-02,Series_Complete_Yes,156255896.0
2021-07-01,Series_Complete_Yes,155884601.0
2021-06-30,Series_Complete_Yes,154884686.0
2021-06-29,Series_Complete_Yes,154199664.0
2021-06-28,Series_Complete_Yes,153776118.0
2021-06-27,Series_Complete_Yes,153028665.0
2021-06-26,Series_Complete_Yes,152184243.0
2021-06-25,Series_Complete_Yes,151615554.0
2021-06-24,Series_Complete_Yes,151252034.0
2021-06-23,Series_Complete_Yes,150787303.0
2021-06-22,Series_Complete_Yes,150424675.0
2021-06-21,Series_Complete_Yes,150046006.0
2021-06-20,Series_Complete_Yes,149667646.0
2021-06-19,Series_Complete_Yes,149125164.0
2021-06-18,Series_Complete_Yes,148459003.0
2021-06-17,Series_Complete_Yes,147758585.0
2021-06-16,Series_Complete_Yes,146456124.0
2021-06-15,Series_Complete_Yes,145768367.0
2021-06-14,Series_Complete_Yes,144919339.0
2021-06-13,Series_Complete_Yes,143921222.0
2021-06-12,Series_Complete_Yes,143119077.0
2021-06-11,Series_Complete_Yes,142095530.0
2021-06-10,Series_Complete_Yes,141583252.0
2021-06-09,Series_Complete_Yes,140980110.0
2021-06-08,Series_Complete_Yes,140441957.0
2021-06-07,Series_Complete_Yes,139748661.0
2021-06-06,Series_Complete_Yes,138969323.0
2021-06-05,Series_Complete_Yes,138112702.0
2021-06-04,Series_Complete_Yes,137455367.0
2021-06-03,Series_Complete_Yes,136644618.0
2021-06-02,Series_Complete_Yes,136155250.0
2021-06-01,Series_Complete_Yes,135867425.0
2021-05-31,Series_Complete_Yes,135593733.0
2021-05-30,Series_Complete_Yes,135087319.0
2021-05-29,Series_Complete_Yes,134418748.0
2021-05-28,Series_Complete_Yes,133532544.0
2021-05-27,Series_Complete_Yes,132769894.0
2021-05-26,Series_Complete_Yes,131850089.0
2021-05-25,Series_Complete_Yes,131078608.0
2021-05-24,Series_Complete_Yes,130615797.0
2021-05-23,Series_Complete_Yes,130014175.0
2021-05-22,Series_Complete_Yes,129006463.0
2021-05-21,Series_Complete_Yes,127778250.0
2021-05-20,Series_Complete_Yes,126605166.0
2021-05-19,Series_Complete_Yes,125453423.0
2021-05-18,Series_Complete_Yes,124455693.0
2021-05-17,Series_Complete_Yes,123828224.0
2021-05-16,Series_Complete_Yes,122999721.0
2021-05-15,Series_Complete_Yes,121768268.0
2021-05-14,Series_Complete_Yes,120258637.0
2021-05-13,Series_Complete_Yes,118987308.0
2021-05-12,Series_Complete_Yes,117647439.0
2021-05-11,Series_Complete_Yes,116576359.0
2021-05-10,Series_Complete_Yes,115530780.0
2021-05-09,Series_Complete_Yes,114258244.0
2021-05-08,Series_Complete_Yes,112626771.0
2021-05-07,Series_Complete_Yes,110874920.0
2021-05-06,Series_Complete_Yes,108926627.0
2021-05-05,Series_Complete_Yes,107346533.0
2021-05-04,Series_Complete_Yes,106168588.0
2021-05-03,Series_Complete_Yes,105523520.0
2021-05-02,Series_Complete_Yes,104774652.0
2021-05-01,Series_Complete_Yes,103422555.0
2021-04-30,Series_Complete_Yes,101407318.0
2021-04-29,Series_Complete_Yes,99668945.0
2021-04-28,Series_Complete_Yes,98044421.0
2021-04-27,Series_Complete_Yes,96747454.0
2021-04-26,Series_Complete_Yes,95888088.0
2021-04-25,Series_Complete_Yes,94772329.0
2021-04-24,Series_Complete_Yes,93078040.0
2021-04-23,Series_Complete_Yes,91175995.0
2021-04-22,Series_Complete_Yes,89245776.0
2021-04-21,Series_Complete_Yes,87592646.0
2021-04-20,Series_Complete_Yes,86223506.0
2021-04-19,Series_Complete_Yes,85365180.0
2021-04-18,Series_Complete_Yes,84263408.0
2021-04-17,Series_Complete_Yes,82471151.0
2021-04-16,Series_Complete_Yes,80609818.0
2021-04-15,Series_Complete_Yes,78498290.0
2021-04-14,Series_Complete_Yes,76681252.0
2021-04-13,Series_Complete_Yes,75322283.0
2021-04-12,Series_Complete_Yes,74066085.0
2021-04-11,Series_Complete_Yes,72630892.0
2021-04-10,Series_Complete_Yes,70692645.0
2021-04-09,Series_Complete_Yes,68202458.0
2021-04-08,Series_Complete_Yes,66203123.0
2021-04-07,Series_Complete_Yes,64422618.0
2021-04-06,Series_Complete_Yes,63016976.0
2021-04-05,Series_Complete_Yes,62392065.0
2021-04-04,Series_Complete_Yes,61416536.0
2021-04-03,Series_Complete_Yes,59858146.0
2021-04-02,Series_Complete_Yes,57984785.0
2021-04-01,Series_Complete_Yes,56089614.0
2021-03-31,Series_Complete_Yes,54607041.0
2021-03-30,Series_Complete_Yes,53423486.0
2021-03-29,Series_Complete_Yes,52614231.0
2021-03-28,Series_Complete_Yes,51593564.0
2021-03-27,Series_Complete_Yes,50141769.0
2021-03-26,Series_Complete_Yes,48695172.0
2021-03-25,Series_Complete_Yes,47419832.0
2021-03-24,Series_Complete_Yes,46365515.0
2021-03-23,Series_Complete_Yes,45533962.0
2021-03-22,Series_Complete_Yes,44910946.0
2021-03-21,Series_Complete_Yes,44141228.0
2021-03-20,Series_Complete_Yes,43036818.0
2021-03-19,Series_Complete_Yes,41934629.0
2021-03-18,Series_Complete_Yes,40981464.0
2021-03-17,Series_Complete_Yes,39989196.0
2021-03-16,Series_Complete_Yes,39042345.0
2021-03-15,Series_Complete_Yes,38335432.0
2021-03-14,Series_Complete_Yes,37459269.0
2021-03-13,Series_Complete_Yes,36929777.0
2021-03-12,Series_Complete_Yes,35000159.0
2021-03-11,Series_Complete_Yes,33863127.0
2021-03-10,Series_Complete_Yes,32904161.0
2021-03-09,Series_Complete_Yes,32102061.0
2021-03-08,Series_Complete_Yes,31493040.0
2021-03-07,Series_Complete_Yes,30790201.0
2021-03-06,Series_Complete_Yes,29816907.0
2021-03-05,Series_Complete_Yes,28709428.0
2021-03-04,Series_Complete_Yes,0.0
2021-03-03,Series_Complete_Yes,0.0
2021-03-02,Series_Complete_Yes,0.0
2021-03-01,Series_Complete_Yes,0.0
2021-02-28,Series_Complete_Yes,0.0
2021-02-27,Series_Complete_Yes,0.0
2021-02-26,Series_Complete_Yes,0.0
2021-02-25,Series_Complete_Yes,0.0
2021-02-24,Series_Complete_Yes,0.0
2021-02-23,Series_Complete_Yes,0.0
2021-02-22,Series_Complete_Yes,0.0
2021-02-21,Series_Complete_Yes,0.0
2021-02-20,Series_Complete_Yes,0.0
2021-02-19,Series_Complete_Yes,0.0
2021-02-18,Series_Complete_Yes,0.0
2021-02-17,Series_Complete_Yes,0.0
2021-02-16,Series_Complete_Yes,0.0
2021-02-15,Series_Complete_Yes,0.0
2021-02-14,Series_Complete_Yes,0.0
2021-02-13,Series_Complete_Yes,0.0
2021-02-12,Series_Complete_Yes,0.0
2021-02-11,Series_Complete_Yes,0.0
2021-02-10,Series_Complete_Yes,0.0
2021-02-09,Series_Complete_Yes,0.0
2021-02-08,Series_Complete_Yes,0.0
2021-02-07,Series_Complete_Yes,0.0
2021-02-06,Series_Complete_Yes,0.0
2021-02-05,Series_Complete_Yes,0.0
2021-02-04,Series_Complete_Yes,0.0
2021-02-03,Series_Complete_Yes,0.0
2021-02-02,Series_Complete_Yes,0.0
2021-02-01,Series_Complete_Yes,0.0
2021-01-31,Series_Complete_Yes,0.0
2021-01-30,Series_Complete_Yes,0.0
2021-01-29,Series_Complete_Yes,0.0
2021-01-28,Series_Complete_Yes,0.0
2021-01-27,Series_Complete_Yes,0.0
2021-01-26,Series_Complete_Yes,0.0
2021-01-25,Series_Complete_Yes,0.0
2021-01-24,Series_Complete_Yes,0.0
2021-01-23,Series_Complete_Yes,0.0
2021-01-22,Series_Complete_Yes,0.0
2021-01-21,Series_Complete_Yes,0.0
2021-01-20,Series_Complete_Yes,0.0
2021-01-19,Series_Complete_Yes,0.0
2021-01-18,Series_Complete_Yes,0.0
2021-01-17,Series_Complete_Yes,0.0
2021-01-16,Series_Complete_Yes,0.0
2021-01-15,Series_Complete_Yes,0.0
2021-01-14,Series_Complete_Yes,0.0
2021-01-13,Series_Complete_Yes,0.0
2021-01-12,Series_Complete_Yes,0.0
2021-01-11,Series_Complete_Yes,0.0
2021-01-10,Series_Complete_Yes,0.0
2021-01-09,Series_Complete_Yes,0.0
2021-01-08,Series_Complete_Yes,0.0
2021-01-07,Series_Complete_Yes,0.0
2021-01-06,Series_Complete_Yes,0.0
2021-01-05,Series_Complete_Yes,0.0
2021-01-04,Series_Complete_Yes,0.0
2021-01-03,Series_Complete_Yes,0.0
2021-01-02,Series_Complete_Yes,0.0
2021-01-01,Series_Complete_Yes,0.0
2020-12-31,Series_Complete_Yes,0.0
2020-12-30,Series_Complete_Yes,0.0
2020-12-29,Series_Complete_Yes,0.0
2020-12-28,Series_Complete_Yes,0.0
2020-12-27,Series_Complete_Yes,0.0
2020-12-26,Series_Complete_Yes,0.0
2020-12-25,Series_Complete_Yes,0.0
2020-12-24,Series_Complete_Yes,0.0
2020-12-23,Series_Complete_Yes,0.0
2020-12-22,Series_Complete_Yes,0.0
2020-12-21,Series_Complete_Yes,0.0
2020-12-20,Series_Complete_Yes,0.0
2020-12-19,Series_Complete_Yes,0.0
2020-12-18,Series_Complete_Yes,0.0
2020-12-17,Series_Complete_Yes,0.0
2020-12-16,Series_Complete_Yes,0.0
2020-12-15,Series_Complete_Yes,0.0
2020-12-14,Series_Complete_Yes,0.0
2020-12-13,Series_Complete_Yes,0.0
2023-02-01,Additional_Doses,117091723.0
2023-01-25,Additional_Doses,116950366.0
2023-01-18,Additional_Doses,116783939.0
2023-01-11,Additional_Doses,116582665.0
2023-01-04,Additional_Doses,116264682.0
2022-12-28,Additional_Doses,116065473.0
2022-12-21,Additional_Doses,115811690.0
2022-12-14,Additional_Doses,115560269.0
2022-12-07,Additional_Doses,115179633.0
2022-11-30,Additional_Doses,114786983.0
2022-11-23,Additional_Doses,114231013.0
2022-11-16,Additional_Doses,113851327.0
2022-11-09,Additional_Doses,113272617.0
2022-11-02,Additional_Doses,112478828.0
2022-10-26,Additional_Doses,111848839.0
2022-10-19,Additional_Doses,111367843.0
2022-10-12,Additional_Doses,110835775.0
2022-10-05,Additional_Doses,110560974.0
2022-09-28,Additional_Doses,109970532.0
2022-09-21,Additional_Doses,109578270.0
2022-09-14,Additional_Doses,109201576.0
2022-09-07,Additional_Doses,108953688.0
2022-08-31,Additional_Doses,108806974.0
2022-08-24,Additional_Doses,108540822.0
2022-08-17,Additional_Doses,108217633.0
2022-08-10,Additional_Doses,107872738.0
2022-08-03,Additional_Doses,107490375.0
2022-07-27,Additional_Doses,107924198.0
2022-07-20,Additional_Doses,107468726.0
2022-07-13,Additional_Doses,107004061.0
2022-07-06,Additional_Doses,106615227.0
2022-06-29,Additional_Doses,106275891.0
2022-06-22,Additional_Doses,105093591.0
2022-06-16,Additional_Doses,104718138.0
2022-06-15,Additional_Doses,104646217.0
2022-06-14,Additional_Doses,104496409.0
2022-06-13,Additional_Doses,104419281.0
2022-06-12,Additional_Doses,104390612.0
2022-06-11,Additional_Doses,104336368.0
2022-06-10,Additional_Doses,104252029.0
2022-06-09,Additional_Doses,104160225.0
2022-06-08,Additional_Doses,104066554.0
2022-06-07,Additional_Doses,104005321.0
2022-06-06,Additional_Doses,103900589.0
2022-06-05,Additional_Doses,103867818.0
2022-06-04,Additional_Doses,103807117.0
2022-06-03,Additional_Doses,103712931.0
2022-06-02,Additional_Doses,103641912.0
2022-06-01,Additional_Doses,103535610.0
2022-05-31,Additional_Doses,103424724.0
2022-05-30,Additional_Doses,103394099.0
2022-05-29,Additional_Doses,103359065.0
2022-05-28,Additional_Doses,103307540.0
2022-05-27,Additional_Doses,103217414.0
2022-05-26,Additional_Doses,103110612.0
2022-05-25,Additional_Doses,102997276.0
2022-05-24,Additional_Doses,102912618.0
2022-05-23,Additional_Doses,102790201.0
2022-05-22,Additional_Doses,102752401.0
2022-05-21,Additional_Doses,102694522.0
2022-05-20,Additional_Doses,102591622.0
2022-05-19,Additional_Doses,102524944.0
2022-05-18,Additional_Doses,102439617.0
2022-05-17,Additional_Doses,102360702.0
2022-05-16,Additional_Doses,102263829.0
2022-05-15,Additional_Doses,102232228.0
2022-05-14,Additional_Doses,102177938.0
2022-05-13,Additional_Doses,102094302.0
2022-05-12,Additional_Doses,102011446.0
2022-05-11,Additional_Doses,101451546.0
2022-05-10,Additional_Doses,101373482.0
2022-05-09,Additional_Doses,101286437.0
2022-05-08,Additional_Doses,101244437.0
2022-05-07,Additional_Doses,101186355.0
2022-05-06,Additional_Doses,101095571.0
2022-05-05,Additional_Doses,101011852.0
2022-05-04,Additional_Doses,100901425.0
2022-05-03,Additional_Doses,100830885.0
2022-05-02,Additional_Doses,100724751.0
2022-05-01,Additional_Doses,100670270.0
2022-04-30,Additional_Doses,100600067.0
2022-04-29,Additional_Doses,100509996.0
2022-04-28,Additional_Doses,100411112.0
2022-04-27,Additional_Doses,100316900.0
2022-04-26,Additional_Doses,100232875.0
2022-04-25,Additional_Doses,100110420.0
2022-04-24,Additional_Doses,100065793.0
2022-04-23,Additional_Doses,99988588.0
2022-04-22,Additional_Doses,99888928.0
2022-04-21,Additional_Doses,99804811.0
2022-04-20,Additional_Doses,99663805.0
2022-04-19,Additional_Doses,99595909.0
2022-04-18,Additional_Doses,99505898.0
2022-04-17,Additional_Doses,99460652.0
2022-04-16,Additional_Doses,99390862.0
2022-04-15,Additional_Doses,99267892.0
2022-04-14,Additional_Doses,99148999.0
2022-04-13,Additional_Doses,99035505.0
2022-04-12,Additional_Doses,98900726.0
2022-04-11,Additional_Doses,98783608.0
2022-04-10,Additional_Doses,98721597.0
2022-04-09,Additional_Doses,98643339.0
2022-04-08,Additional_Doses,98533836.0
2022-04-07,Additional_Doses,98424742.0
2022-04-06,Additional_Doses,98312742.0
2022-04-05,Additional_Doses,98168087.0
2022-04-04,Additional_Doses,98065668.0
2022-04-03,Additional_Doses,97994315.0
2022-04-02,Additional_Doses,97904975.0
2022-04-01,Additional_Doses,97793707.0
2022-03-31,Additional_Doses,97674972.0
2022-03-30,Additional_Doses,97495673.0
2022-03-29,Additional_Doses,97397383.0
2022-03-28,Additional_Doses,97312503.0
2022-03-27,Additional_Doses,97269485.0
2022-03-26,Additional_Doses,97204363.0
2022-03-25,Additional_Doses,97093580.0
2022-03-24,Additional_Doses,96999241.0
2022-03-23,Additional_Doses,96874549.0
2022-03-22,Additional_Doses,96776607.0
2022-03-21,Additional_Doses,96675246.0
2022-03-20,Additional_Doses,96617421.0
2022-03-19,Additional_Doses,96542252.0
2022-03-18,Additional_Doses,96439386.0
2022-03-17,Additional_Doses,96335336.0
2022-03-16,Additional_Doses,96232774.0
2022-03-15,Additional_Doses,96139624.0
2022-03-14,Additional_Doses,96035748.0
2022-03-13,Additional_Doses,95973403.0
2022-03-12,Additional_Doses,95896178.0
2022-03-11,Additional_Doses,95739353.0
2022-03-10,Additional_Doses,95632936.0
2022-03-09,Additional_Doses,95499589.0
2022-03-08,Additional_Doses,95383577.0
2022-03-07,Additional_Doses,95269125.0
2022-03-06,Additional_Doses,95172197.0
2022-03-05,Additional_Doses,95073718.0
2022-03-04,Additional_Doses,94941167.0
2022-03-03,Additional_Doses,94770180.0
2022-03-02,Additional_Doses,94552155.0
2022-03-01,Additional_Doses,94383887.0
2022-02-28,Additional_Doses,94247084.0
2022-02-27,Additional_Doses,94153229.0
2022-02-26,Additional_Doses,94007111.0
2022-02-25,Additional_Doses,93811640.0
2022-02-24,Additional_Doses,93643962.0
2022-02-23,Additional_Doses,93428100.0
2022-02-22,Additional_Doses,93240194.0
2022-02-21,Additional_Doses,93050527.0
2022-02-20,Additional_Doses,92941806.0
2022-02-19,Additional_Doses,92807720.0
2022-02-18,Additional_Doses,92589369.0
2022-02-17,Additional_Doses,92372036.0
2022-02-16,Additional_Doses,92168053.0
2022-02-15,Additional_Doses,91977984.0
2022-02-14,Additional_Doses,91758822.0
2022-02-13,Additional_Doses,91610532.0
2022-02-12,Additional_Doses,91397490.0
2022-02-11,Additional_Doses,91109196.0
2022-02-10,Additional_Doses,90852670.0
2022-02-09,Additional_Doses,90533404.0
2022-02-08,Additional_Doses,90240071.0
2022-02-07,Additional_Doses,90003095.0
2022-02-06,Additional_Doses,89825774.0
2022-02-05,Additional_Doses,89594265.0
2022-02-04,Additional_Doses,89288662.0
2022-02-03,Additional_Doses,88983833.0
2022-02-02,Additional_Doses,88614084.0
2022-02-01,Additional_Doses,88286037.0
2022-01-31,Additional_Doses,88000239.0
2022-01-30,Additional_Doses,87760753.0
2022-01-29,Additional_Doses,87383007.0
2022-01-28,Additional_Doses,86955357.0
2022-01-27,Additional_Doses,86484618.0
2022-01-26,Additional_Doses,85218657.0
2022-01-25,Additional_Doses,84800209.0
2022-01-24,Additional_Doses,84319656.0
2022-01-23,Additional_Doses,83924615.0
2022-01-22,Additional_Doses,83558091.0
2022-01-21,Additional_Doses,83012754.0
2022-01-20,Additional_Doses,82450772.0
2022-01-19,Additional_Doses,81691581.0
2022-01-18,Additional_Doses,81045311.0
2022-01-17,Additional_Doses,80652758.0
2022-01-16,Additional_Doses,80262336.0
2022-01-15,Additional_Doses,79681686.0
2022-01-14,Additional_Doses,78961755.0
2022-01-13,Additional_Doses,78139161.0
2022-01-12,Additional_Doses,77101175.0
2022-01-11,Additional_Doses,76381394.0
2022-01-10,Additional_Doses,75816800.0
2022-01-09,Additional_Doses,75356579.0
2022-01-08,Additional_Doses,74617848.0
2022-01-07,Additional_Doses,73814228.0
2022-01-06,Additional_Doses,72991028.0
2022-01-05,Additional_Doses,72262703.0
2022-01-04,Additional_Doses,71635989.0
2022-01-03,Additional_Doses,70696121.0
2022-01-02,Additional_Doses,70156902.0
2022-01-01,Additional_Doses,70156902.0
2021-12-31,Additional_Doses,69756552.0
2021-12-30,Additional_Doses,68810709.0
2021-12-29,Additional_Doses,67985137.0
2021-12-28,Additional_Doses,67272036.0
2021-12-27,Additional_Doses,66366001.0
2021-12-26,Additional_Doses,65985000.0
2021-12-25,Additional_Doses,65861616.0
2021-12-24,Additional_Doses,65462710.0
2021-12-23,Additional_Doses,64475171.0
2021-12-22,Additional_Doses,63179580.0
2021-12-21,Additional_Doses,62211823.0
2021-12-20,Additional_Doses,60813883.0
2021-12-19,Additional_Doses,60155573.0
2021-12-18,Additional_Doses,59247548.0
2021-12-17,Additional_Doses,58185916.0
2021-12-16,Additional_Doses,57101568.0
2021-12-15,Additional_Doses,56080165.0
2021-12-14,Additional_Doses,55121533.0
2021-12-13,Additional_Doses,54439667.0
2021-12-12,Additional_Doses,53803332.0
2021-12-11,Additional_Doses,52923763.0
2021-12-10,Additional_Doses,51749171.0
2021-12-09,Additional_Doses,49900089.0
2021-12-08,Additional_Doses,48896346.0
2021-12-07,Additional_Doses,47866620.0
2021-12-06,Additional_Doses,47039759.0
2021-12-05,Additional_Doses,46299869.0
2021-12-04,Additional_Doses,45288817.0
2021-12-03,Additional_Doses,44035293.0
2021-12-02,Additional_Doses,42973222.0
2021-12-01,Additional_Doses,41933410.0
2021-11-30,Additional_Doses,41126064.0
2021-11-29,Additional_Doses,40247890.0
2021-11-28,Additional_Doses,37499004.0
2021-11-27,Additional_Doses,37499004.0
2021-11-26,Additional_Doses,37499004.0
2021-11-25,Additional_Doses,37499004.0
2021-11-24,Additional_Doses,37499004.0
2021-11-23,Additional_Doses,36640102.0
2021-11-22,Additional_Doses,36058472.0
2021-11-21,Additional_Doses,35393770.0
2021-11-20,Additional_Doses,34503462.0
2021-11-19,Additional_Doses,33454832.0
2021-11-18,Additional_Doses,32469881.0
2021-11-17,Additional_Doses,31464669.0
2021-11-16,Additional_Doses,30708979.0
2021-11-15,Additional_Doses,30067444.0
2021-11-14,Additional_Doses,29338966.0
2021-11-13,Additional_Doses,28571625.0
2021-11-12,Additional_Doses,27660515.0
2021-11-11,Additional_Doses,26908973.0
2021-11-10,Additional_Doses,26087147.0
2021-11-09,Additional_Doses,25368545.0
2021-11-08,Additional_Doses,24795097.0
2021-11-07,Additional_Doses,24084107.0
2021-11-06,Additional_Doses,23175194.0
2021-11-05,Additional_Doses,22271357.0
2021-11-04,Additional_Doses,21483519.0
2021-11-03,Additional_Doses,20608965.0
2021-11-02,Additional_Doses,19783921.0
2021-11-01,Additional_Doses,19178738.0
2021-10-31,Additional_Doses,18607505.0
2021-10-30,Additional_Doses,17723033.0
2021-10-29,Additional_Doses,16682269.0
2021-10-28,Additional_Doses,15417340.0
2021-10-27,Additional_Doses,14429771.0
2021-10-26,Additional_Doses,13753793.0
2021-10-25,Additional_Doses,13262718.0
2021-10-24,Additional_Doses,12888226.0
2021-10-23,Additional_Doses,12472219.0
2021-10-22,Additional_Doses,12037101.0
2021-10-21,Additional_Doses,11607334.0
2021-10-20,Additional_Doses,11246668.0
2021-10-19,Additional_Doses,10926564.0
2021-10-18,Additional_Doses,10681175.0
2021-10-17,Additional_Doses,10461286.0
2021-10-16,Additional_Doses,10114824.0
2021-10-15,Additional_Doses,9723131.0
2021-10-14,Additional_Doses,9319172.0
2021-10-13,Additional_Doses,8903874.0
2021-10-12,Additional_Doses,8548326.0
2021-10-11,Additional_Doses,8343500.0
2021-10-10,Additional_Doses,8136722.0
2021-10-09,Additional_Doses,7786263.0
2021-10-08,Additional_Doses,7284455.0
2021-10-07,Additional_Doses,6764574.0
2021-10-06,Additional_Doses,6372007.0
2021-10-05,Additional_Doses,6008449.0
2021-10-04,Additional_Doses,5711774.0
2021-10-03,Additional_Doses,5287357.0
2021-10-02,Additional_Doses,4742750.0
2021-10-01,Additional_Doses,4363791.0
2021-09-30,Additional_Doses,4031464.0
2021-09-29,Additional_Doses,3677268.0
2021-09-28,Additional_Doses,3399837.0
2021-09-27,Additional_Doses,2775528.0
2021-09-26,Additional_Doses,2656623.0
2021-09-25,Additional_Doses,2527656.0
2021-09-24,Additional_Doses,2443106.0
2021-09-23,Additional_Doses,2370839.0
2021-09-22,Additional_Doses,2304098.0
2021-09-21,Additional_Doses,2242237.0
2021-09-20,Additional_Doses,2205438.0
2021-09-19,Additional_Doses,2156736.0
2021-09-18,Additional_Doses,2107167.0
2021-09-17,Additional_Doses,2043976.0
2021-09-16,Additional_Doses,1982351.0
2021-09-15,Additional_Doses,1921243.0
2021-09-14,Additional_Doses,1859878.0
2021-09-13,Additional_Doses,1822298.0
2021-09-12,Additional_Doses,1782116.0
2021-09-11,Additional_Doses,1714632.0
2021-09-10,Additional_Doses,1641393.0
2021-09-09,Additional_Doses,1563006.0
2021-09-08,Additional_Doses,1512383.0
2021-09-07,Additional_Doses,1439610.0
2021-09-06,Additional_Doses,1420526.0
2021-09-05,Additional_Doses,1390792.0
2021-09-04,Additional_Doses,1334359.0
2021-09-03,Additional_Doses,1245003.0
2021-09-02,Additional_Doses,1148792.0
2021-09-01,Additional_Doses,1077751.0
2021-08-31,Additional_Doses,995715.0
2021-08-30,Additional_Doses,954683.0
2021-08-29,Additional_Doses,901462.0
2021-08-28,Additional_Doses,819598.0
2021-08-27,Additional_Doses,732229.0
2021-08-26,Additional_Doses,642861.0
2021-08-25,Additional_Doses,575749.0
2021-08-24,Additional_Doses,512401.0
2021-08-23,Additional_Doses,470206.0
2021-08-22,Additional_Doses,
2021-08-21,Additional_Doses,
2021-08-20,Additional_Doses,
2021-08-19,Additional_Doses,
2021-08-18,Additional_Doses,
2021-08-17,Additional_Doses,
2021-08-16,Additional_Doses,
2021-08-15,Additional_Doses,
2021-08-14,Additional_Doses,
2021-08-13,Additional_Doses,
2021-08-12,Additional_Doses,
2021-08-11,Additional_Doses,
2021-08-10,Additional_Doses,
2021-08-09,Additional_Doses,
2021-08-08,Additional_Doses,
2021-08-07,Additional_Doses,
2021-08-06,Additional_Doses,
2021-08-05,Additional_Doses,
2021-08-04,Additional_Doses,
2021-08-03,Additional_Doses,
2021-08-02,Additional_Doses,
2021-08-01,Additional_Doses,
2021-07-31,Additional_Doses,
2021-07-30,Additional_Doses,
2021-07-29,Additional_Doses,
2021-07-28,Additional_Doses,
2021-07-27,Additional_Doses,
2021-07-26,Additional_Doses,
2021-07-25,Additional_Doses,
2021-07-24,Additional_Doses,
2021-07-23,Additional_Doses,
2021-07-22,Additional_Doses,
2021-07-21,Additional_Doses,
2021-07-20,Additional_Doses,
2021-07-19,Additional_Doses,
2021-07-18,Additional_Doses,
2021-07-17,Additional_Doses,
2021-07-16,Additional_Doses,
2021-07-15,Additional_Doses,
2021-07-14,Additional_Doses,
2021-07-13,Additional_Doses,
2021-07-12,Additional_Doses,
2021-07-11,Additional_Doses,
2021-07-10,Additional_Doses,
2021-07-09,Additional_Doses,
2021-07-08,Additional_Doses,
2021-07-07,Additional_Doses,
2021-07-06,Additional_Doses,
2021-07-05,Additional_Doses,
2021-07-04,Additional_Doses,
2021-07-03,Additional_Doses,
2021-07-02,Additional_Doses,
2021-07-01,Additional_Doses,
2021-06-30,Additional_Doses,
2021-06-29,Additional_Doses,
2021-06-28,Additional_Doses,
2021-06-27,Additional_Doses,
2021-06-26,Additional_Doses,
2021-06-25,Additional_Doses,
2021-06-24,Additional_Doses,
2021-06-23,Additional_Doses,
2021-06-22,Additional_Doses,
2021-06-21,Additional_Doses,
2021-06-20,Additional_Doses,
2021-06-19,Additional_Doses,
2021-06-18,Additional_Doses,
2021-06-17,Additional_Doses,
2021-06-16,Additional_Doses,
2021-06-15,Additional_Doses,
2021-06-14,Additional_Doses,
2021-06-13,Additional_Doses,
2021-06-12,Additional_Doses,
2021-06-11,Additional_Doses,
2021-06-10,Additional_Doses,
2021-06-09,Additional_Doses,
2021-06-08,Additional_Doses,
2021-06-07,Additional_Doses,
2021-06-06,Additional_Doses,
2021-06-05,Additional_Doses,
2021-06-04,Additional_Doses,
2021-06-03,Additional_Doses,
2021-06-02,Additional_Doses,
2021-06-01,Additional_Doses,
2021-05-31,Additional_Doses,
2021-05-30,Additional_Doses,
2021-05-29,Additional_Doses,
2021-05-28,Additional_Doses,
2021-05-27,Additional_Doses,
2021-05-26,Additional_Doses,
2021-05-25,Additional_Doses,
2021-05-24,Additional_Doses,
2021-05-23,Additional_Doses,
2021-05-22,Additional_Doses,
2021-05-21,Additional_Doses,
2021-05-20,Additional_Doses,
2021-05-19,Additional_Doses,
2021-05-18,Additional_Doses,
2021-05-17,Additional_Doses,
2021-05-16,Additional_Doses,
2021-05-15,Additional_Doses,
2021-05-14,Additional_Doses,
2021-05-13,Additional_Doses,
2021-05-12,Additional_Doses,
2021-05-11,Additional_Doses,
2021-05-10,Additional_Doses,
2021-05-09,Additional_Doses,
2021-05-08,Additional_Doses,
2021-05-07,Additional_Doses,
2021-05-06,Additional_Doses,
2021-05-05,Additional_Doses,
2021-05-04,Additional_Doses,
2021-05-03,Additional_Doses,
2021-05-02,Additional_Doses,
2021-05-01,Additional_Doses,
2021-04-30,Additional_Doses,
2021-04-29,Additional_Doses,
2021-04-28,Additional_Doses,
2021-04-27,Additional_Doses,
2021-04-26,Additional_Doses,
2021-04-25,Additional_Doses,
2021-04-24,Additional_Doses,
2021-04-23,Additional_Doses,
2021-04-22,Additional_Doses,
2021-04-21,Additional_Doses,
2021-04-20,Additional_Doses,
2021-04-19,Additional_Doses,
2021-04-18,Additional_Doses,
2021-04-17,Additional_Doses,
2021-04-16,Additional_Doses,
2021-04-15,Additional_Doses,
2021-04-14,Additional_Doses,
2021-04-13,Additional_Doses,
2021-04-12,Additional_Doses,
2021-04-11,Additional_Doses,
2021-04-10,Additional_Doses,
2021-04-09,Additional_Doses,
2021-04-08,Additional_Doses,
2021-04-07,Additional_Doses,
2021-04-06,Additional_Doses,
2021-04-05,Additional_Doses,
2021-04-04,Additional_Doses,
2021-04-03,Additional_Doses,
2021-04-02,Additional_Doses,
2021-04-01,Additional_Doses,
2021-03-31,Additional_Doses,
2021-03-30,Additional_Doses,
2021-03-29,Additional_Doses,
2021-03-28,Additional_Doses,
2021-03-27,Additional_Doses,
2021-03-26,Additional_Doses,
2021-03-25,Additional_Doses,
2021-03-24,Additional_Doses,
2021-03-23,Additional_Doses,
2021-03-22,Additional_Doses,
2021-03-21,Additional_Doses,
2021-03-20,Additional_Doses,
2021-03-19,Additional_Doses,
2021-03-18,Additional_Doses,
2021-03-17,Additional_Doses,
2021-03-16,Additional_Doses,
2021-03-15,Additional_Doses,
2021-03-14,Additional_Doses,
2021-03-13,Additional_Doses,
2021-03-12,Additional_Doses,
2021-03-11,Additional_Doses,
2021-03-10,Additional_Doses,
2021-03-09,Additional_Doses,
2021-03-08,Additional_Doses,
2021-03-07,Additional_Doses,
2021-03-06,Additional_Doses,
2021-03-05,Additional_Doses,
2021-03-04,Additional_Doses,
2021-03-03,Additional_Doses,
2021-03-02,Additional_Doses,
2021-03-01,Additional_Doses,
2021-02-28,Additional_Doses,
2021-02-27,Additional_Doses,
2021-02-26,Additional_Doses,
2021-02-25,Additional_Doses,
2021-02-24,Additional_Doses,
2021-02-23,Additional_Doses,
2021-02-22,Additional_Doses,
2021-02-21,Additional_Doses,
2021-02-20,Additional_Doses,
2021-02-19,Additional_Doses,
2021-02-18,Additional_Doses,
2021-02-17,Additional_Doses,
2021-02-16,Additional_Doses,
2021-02-15,Additional_Doses,
2021-02-14,Additional_Doses,
2021-02-13,Additional_Doses,
2021-02-12,Additional_Doses,
2021-02-11,Additional_Doses,
2021-02-10,Additional_Doses,
2021-02-09,Additional_Doses,
2021-02-08,Additional_Doses,
2021-02-07,Additional_Doses,
2021-02-06,Additional_Doses,
2021-02-05,Additional_Doses,
2021-02-04,Additional_Doses,
2021-02-03,Additional_Doses,
2021-02-02,Additional_Doses,
2021-02-01,Additional_Doses,
2021-01-31,Additional_Doses,
2021-01-30,Additional_Doses,
2021-01-29,Additional_Doses,
2021-01-28,Additional_Doses,
2021-01-27,Additional_Doses,
2021-01-26,Additional_Doses,
2021-01-25,Additional_Doses,
2021-01-24,Additional_Doses,
2021-01-23,Additional_Doses,
2021-01-22,Additional_Doses,
2021-01-21,Additional_Doses,
2021-01-20,Additional_Doses,
2021-01-19,Additional_Doses,
2021-01-18,Additional_Doses,
2021-01-17,Additional_Doses,
2021-01-16,Additional_Doses,
2021-01-15,Additional_Doses,
2021-01-14,Additional_Doses,
2021-01-13,Additional_Doses,
2021-01-12,Additional_Doses,
2021-01-11,Additional_Doses,
2021-01-10,Additional_Doses,
2021-01-09,Additional_Doses,
2021-01-08,Additional_Doses,
2021-01-07,Additional_Doses,
2021-01-06,Additional_Doses,
2021-01-05,Additional_Doses,
2021-01-04,Additional_Doses,
2021-01-03,Additional_Doses,
2021-01-02,Additional_Doses,
2021-01-01,Additional_Doses,
2020-12-31,Additional_Doses,
2020-12-30,Additional_Doses,
2020-12-29,Additional_Doses,
2020-12-28,Additional_Doses,
2020-12-27,Additional_Doses,
2020-12-26,Additional_Doses,
2020-12-25,Additional_Doses,
2020-12-24,Additional_Doses,
2020-12-23,Additional_Doses,
2020-12-22,Additional_Doses,
2020-12-21,Additional_Doses,
2020-12-20,Additional_Doses,
2020-12-19,Additional_Doses,
2020-12-18,Additional_Doses,
2020-12-17,Additional_Doses,
2020-12-16,Additional_Doses,
2020-12-15,Additional_Doses,
2020-12-14,Additional_Doses,
2020-12-13,Additional_Doses,
2023-02-01,Second_Booster,47000645.0
2023-01-25,Second_Booster,46743769.0
2023-01-18,Second_Booster,46387699.0
2023-01-11,Second_Booster,45901739.0
2023-01-04,Second_Booster,45247132.0
2022-12-28,Second_Booster,44734006.0
2022-12-21,Second_Booster,44017154.0
2022-12-14,Second_Booster,43309435.0
2022-12-07,Second_Booster,42286472.0
2022-11-30,Second_Booster,41200860.0
2022-11-23,Second_Booster,40053832.0
2022-11-16,Second_Booster,38940079.0
2022-11-09,Second_Booster,37106370.0
2022-11-02,Second_Booster,34763373.0
2022-10-26,Second_Booster,33060955.0
2022-10-19,Second_Booster,31529620.0
2022-10-12,Second_Booster,29562884.0
2022-10-05,Second_Booster,28248302.0
2022-09-28,Second_Booster,26631009.0
2022-09-21,Second_Booster,25308809.0
2022-09-14,Second_Booster,24164995.0
2022-09-07,Second_Booster,23526245.0
2022-08-31,Second_Booster,23352636.0
2022-08-24,Second_Booster,23074624.0
2022-08-17,Second_Booster,22699352.0
2022-08-10,Second_Booster,22299699.0
2022-08-03,Second_Booster,21760521.0
2022-07-27,Second_Booster,21078117.0
2022-07-20,Second_Booster,20174879.0
2022-07-13,Second_Booster,19259793.0
2022-07-06,Second_Booster,18675625.0
2022-06-29,Second_Booster,18176240.0
2022-06-22,Second_Booster,17448378.0
2022-06-16,Second_Booster,16832169.0
2022-06-15,Second_Booster,16717610.0
2022-06-14,Second_Booster,16565834.0
2022-06-13,Second_Booster,16430364.0
2022-06-12,Second_Booster,16386287.0
2022-06-11,Second_Booster,16296063.0
2022-06-10,Second_Booster,16138060.0
2022-06-09,Second_Booster,15955028.0
2022-06-08,Second_Booster,15788018.0
2022-06-07,Second_Booster,15660416.0
2022-06-06,Second_Booster,15466450.0
2022-06-05,Second_Booster,15414028.0
2022-06-04,Second_Booster,15302451.0
2022-06-03,Second_Booster,15119578.0
2022-06-02,Second_Booster,14948921.0
2022-06-01,Second_Booster,14738687.0
2022-05-31,Second_Booster,14521618.0
2022-05-30,Second_Booster,14469392.0
2022-05-29,Second_Booster,14414884.0
2022-05-28,Second_Booster,14314002.0
2022-05-27,Second_Booster,14110442.0
2022-05-26,Second_Booster,13856065.0
2022-05-25,Second_Booster,13595384.0
2022-05-24,Second_Booster,13404396.0
2022-05-23,Second_Booster,13102066.0
2022-05-22,Second_Booster,13020579.0
2022-05-21,Second_Booster,12868276.0
2022-05-20,Second_Booster,12604577.0
2022-05-19,Second_Booster,12380807.0
2022-05-18,Second_Booster,12145575.0
2022-05-17,Second_Booster,11943903.0
2022-05-16,Second_Booster,11673473.0
2022-05-15,Second_Booster,11581360.0
2022-05-14,Second_Booster,11422984.0
2022-05-13,Second_Booster,11176589.0
2022-05-12,Second_Booster,10934882.0
2022-05-11,Second_Booster,10616689.0
2022-05-10,Second_Booster,10462306.0
2022-05-09,Second_Booster,10232400.0
2022-05-08,Second_Booster,10122189.0
2022-05-07,Second_Booster,9974080.0
2022-05-06,Second_Booster,9746488.0
2022-05-05,Second_Booster,9515917.0
2022-05-04,Second_Booster,9246692.0
2022-05-03,Second_Booster,9064714.0
2022-05-02,Second_Booster,8783525.0
2022-05-01,Second_Booster,8681246.0
2022-04-30,Second_Booster,8485845.0
2022-04-29,Second_Booster,8215394.0
2022-04-28,Second_Booster,7928180.0
2022-04-27,Second_Booster,7661931.0
2022-04-26,Second_Booster,7230494.0
2022-04-25,Second_Booster,6637529.0
2022-04-24,Second_Booster,6529740.0
2022-04-23,Second_Booster,6333401.0
2022-04-22,Second_Booster,6065193.0
2022-04-21,Second_Booster,
2022-04-20,Second_Booster,
2022-04-19,Second_Booster,
2022-04-18,Second_Booster,
2022-04-17,Second_Booster,
2022-04-16,Second_Booster,
2022-04-15,Second_Booster,
2022-04-14,Second_Booster,
2022-04-13,Second_Booster,
2022-04-12,Second_Booster,
2022-04-11,Second_Booster,
2022-04-10,Second_Booster,
2022-04-09,Second_Booster,
2022-04-08,Second_Booster,
2022-04-07,Second_Booster,
2022-04-06,Second_Booster,
2022-04-05,Second_Booster,
2022-04-04,Second_Booster,
2022-04-03,Second_Booster,
2022-04-02,Second_Booster,
2022-04-01,Second_Booster,
2022-03-31,Second_Booster,
2022-03-30,Second_Booster,
2022-03-29,Second_Booster,
2022-03-28,Second_Booster,
2022-03-27,Second_Booster,
2022-03-26,Second_Booster,
2022-03-25,Second_Booster,
2022-03-24,Second_Booster,
2022-03-23,Second_Booster,
2022-03-22,Second_Booster,
2022-03-21,Second_Booster,
2022-03-20,Second_Booster,
2022-03-19,Second_Booster,
2022-03-18,Second_Booster,
2022-03-17,Second_Booster,
2022-03-16,Second_Booster,
2022-03-15,Second_Booster,
2022-03-14,Second_Booster,
2022-03-13,Second_Booster,
2022-03-12,Second_Booster,
2022-03-11,Second_Booster,
2022-03-10,Second_Booster,
2022-03-09,Second_Booster,
2022-03-08,Second_Booster,
2022-03-07,Second_Booster,
2022-03-06,Second_Booster,
2022-03-05,Second_Booster,
2022-03-04,Second_Booster,
2022-03-03,Second_Booster,
2022-03-02,Second_Booster,
2022-03-01,Second_Booster,
2022-02-28,Second_Booster,
2022-02-27,Second_Booster,
2022-02-26,Second_Booster,
2022-02-25,Second_Booster,
2022-02-24,Second_Booster,
2022-02-23,Second_Booster,
2022-02-22,Second_Booster,
2022-02-21,Second_Booster,
2022-02-20,Second_Booster,
2022-02-19,Second_Booster,
2022-02-18,Second_Booster,
2022-02-17,Second_Booster,
2022-02-16,Second_Booster,
2022-02-15,Second_Booster,
2022-02-14,Second_Booster,
2022-02-13,Second_Booster,
2022-02-12,Second_Booster,
2022-02-11,Second_Booster,
2022-02-10,Second_Booster,
2022-02-09,Second_Booster,
2022-02-08,Second_Booster,
2022-02-07,Second_Booster,
2022-02-06,Second_Booster,
2022-02-05,Second_Booster,
2022-02-04,Second_Booster,
2022-02-03,Second_Booster,
2022-02-02,Second_Booster,
2022-02-01,Second_Booster,
2022-01-31,Second_Booster,
2022-01-30,Second_Booster,
2022-01-29,Second_Booster,
2022-01-28,Second_Booster,
2022-01-27,Second_Booster,
2022-01-26,Second_Booster,
2022-01-25,Second_Booster,
2022-01-24,Second_Booster,
2022-01-23,Second_Booster,
2022-01-22,Second_Booster,
2022-01-21,Second_Booster,
2022-01-20,Second_Booster,
2022-01-19,Second_Booster,
2022-01-18,Second_Booster,
2022-01-17,Second_Booster,
2022-01-16,Second_Booster,
2022-01-15,Second_Booster,
2022-01-14,Second_Booster,
2022-01-13,Second_Booster,
2022-01-12,Second_Booster,
2022-01-11,Second_Booster,
2022-01-10,Second_Booster,
2022-01-09,Second_Booster,
2022-01-08,Second_Booster,
2022-01-07,Second_Booster,
2022-01-06,Second_Booster,
2022-01-05,Second_Booster,
2022-01-04,Second_Booster,
2022-01-03,Second_Booster,
2022-01-02,Second_Booster,
2022-01-01,Second_Booster,
2021-12-31,Second_Booster,
2021-12-30,Second_Booster,
2021-12-29,Second_Booster,
2021-12-28,Second_Booster,
2021-12-27,Second_Booster,
2021-12-26,Second_Booster,
2021-12-25,Second_Booster,
2021-12-24,Second_Booster,
2021-12-23,Second_Booster,
2021-12-22,Second_Booster,
2021-12-21,Second_Booster,
2021-12-20,Second_Booster,
2021-12-19,Second_Booster,
2021-12-18,Second_Booster,
2021-12-17,Second_Booster,
2021-12-16,Second_Booster,
2021-12-15,Second_Booster,
2021-12-14,Second_Booster,
2021-12-13,Second_Booster,
2021-12-12,Second_Booster,
2021-12-11,Second_Booster,
2021-12-10,Second_Booster,
2021-12-09,Second_Booster,
2021-12-08,Second_Booster,
2021-12-07,Second_Booster,
2021-12-06,Second_Booster,
2021-12-05,Second_Booster,
2021-12-04,Second_Booster,
2021-12-03,Second_Booster,
2021-12-02,Second_Booster,
2021-12-01,Second_Booster,
2021-11-30,Second_Booster,
2021-11-29,Second_Booster,
2021-11-28,Second_Booster,
2021-11-27,Second_Booster,
2021-11-26,Second_Booster,
2021-11-25,Second_Booster,
2021-11-24,Second_Booster,
2021-11-23,Second_Booster,
2021-11-22,Second_Booster,
2021-11-21,Second_Booster,
2021-11-20,Second_Booster,
2021-11-19,Second_Booster,
2021-11-18,Second_Booster,
2021-11-17,Second_Booster,
2021-11-16,Second_Booster,
2021-11-15,Second_Booster,
2021-11-14,Second_Booster,
2021-11-13,Second_Booster,
2021-11-12,Second_Booster,
2021-11-11,Second_Booster,
2021-11-10,Second_Booster,
2021-11-09,Second_Booster,
2021-11-08,Second_Booster,
2021-11-07,Second_Booster,
2021-11-06,Second_Booster,
2021-11-05,Second_Booster,
2021-11-04,Second_Booster,
2021-11-03,Second_Booster,
2021-11-02,Second_Booster,
2021-11-01,Second_Booster,
2021-10-31,Second_Booster,
2021-10-30,Second_Booster,
2021-10-29,Second_Booster,
2021-10-28,Second_Booster,
2021-10-27,Second_Booster,
2021-10-26,Second_Booster,
2021-10-25,Second_Booster,
2021-10-24,Second_Booster,
2021-10-23,Second_Booster,
2021-10-22,Second_Booster,
2021-10-21,Second_Booster,
2021-10-20,Second_Booster,
2021-10-19,Second_Booster,
2021-10-18,Second_Booster,
2021-10-17,Second_Booster,
2021-10-16,Second_Booster,
2021-10-15,Second_Booster,
2021-10-14,Second_Booster,
2021-10-13,Second_Booster,
2021-10-12,Second_Booster,
2021-10-11,Second_Booster,
2021-10-10,Second_Booster,
2021-10-09,Second_Booster,
2021-10-08,Second_Booster,
2021-10-07,Second_Booster,
2021-10-06,Second_Booster,
2021-10-05,Second_Booster,
2021-10-04,Second_Booster,
2021-10-03,Second_Booster,
2021-10-02,Second_Booster,
2021-10-01,Second_Booster,
2021-09-30,Second_Booster,
2021-09-29,Second_Booster,
2021-09-28,Second_Booster,
2021-09-27,Second_Booster,
2021-09-26,Second_Booster,
2021-09-25,Second_Booster,
2021-09-24,Second_Booster,
2021-09-23,Second_Booster,
2021-09-22,Second_Booster,
2021-09-21,Second_Booster,
2021-09-20,Second_Booster,
2021-09-19,Second_Booster,
2021-09-18,Second_Booster,
2021-09-17,Second_Booster,
2021-09-16,Second_Booster,
2021-09-15,Second_Booster,
2021-09-14,Second_Booster,
2021-09-13,Second_Booster,
2021-09-12,Second_Booster,
2021-09-11,Second_Booster,
2021-09-10,Second_Booster,
2021-09-09,Second_Booster,
2021-09-08,Second_Booster,
2021-09-07,Second_Booster,
2021-09-06,Second_Booster,
2021-09-05,Second_Booster,
2021-09-04,Second_Booster,
2021-09-03,Second_Booster,
2021-09-02,Second_Booster,
2021-09-01,Second_Booster,
2021-08-31,Second_Booster,
2021-08-30,Second_Booster,
2021-08-29,Second_Booster,
2021-08-28,Second_Booster,
2021-08-27,Second_Booster,
2021-08-26,Second_Booster,
2021-08-25,Second_Booster,
2021-08-24,Second_Booster,
2021-08-23,Second_Booster,
2021-08-22,Second_Booster,
2021-08-21,Second_Booster,
2021-08-20,Second_Booster,
2021-08-19,Second_Booster,
2021-08-18,Second_Booster,
2021-08-17,Second_Booster,
2021-08-16,Second_Booster,
2021-08-15,Second_Booster,
2021-08-14,Second_Booster,
2021-08-13,Second_Booster,
2021-08-12,Second_Booster,
2021-08-11,Second_Booster,
2021-08-10,Second_Booster,
2021-08-09,Second_Booster,
2021-08-08,Second_Booster,
2021-08-07,Second_Booster,
2021-08-06,Second_Booster,
2021-08-05,Second_Booster,
2021-08-04,Second_Booster,
2021-08-03,Second_Booster,
2021-08-02,Second_Booster,
2021-08-01,Second_Booster,
2021-07-31,Second_Booster,
2021-07-30,Second_Booster,
2021-07-29,Second_Booster,
2021-07-28,Second_Booster,
2021-07-27,Second_Booster,
2021-07-26,Second_Booster,
2021-07-25,Second_Booster,
2021-07-24,Second_Booster,
2021-07-23,Second_Booster,
2021-07-22,Second_Booster,
2021-07-21,Second_Booster,
2021-07-20,Second_Booster,
2021-07-19,Second_Booster,
2021-07-18,Second_Booster,
2021-07-17,Second_Booster,
2021-07-16,Second_Booster,
2021-07-15,Second_Booster,
2021-07-14,Second_Booster,
2021-07-13,Second_Booster,
2021-07-12,Second_Booster,
2021-07-11,Second_Booster,
2021-07-10,Second_Booster,
2021-07-09,Second_Booster,
2021-07-08,Second_Booster,
2021-07-07,Second_Booster,
2021-07-06,Second_Booster,
2021-07-05,Second_Booster,
2021-07-04,Second_Booster,
2021-07-03,Second_Booster,
2021-07-02,Second_Booster,
2021-07-01,Second_Booster,
2021-06-30,Second_Booster,
2021-06-29,Second_Booster,
2021-06-28,Second_Booster,
2021-06-27,Second_Booster,
2021-06-26,Second_Booster,
2021-06-25,Second_Booster,
2021-06-24,Second_Booster,
2021-06-23,Second_Booster,
2021-06-22,Second_Booster,
2021-06-21,Second_Booster,
2021-06-20,Second_Booster,
2021-06-19,Second_Booster,
2021-06-18,Second_Booster,
2021-06-17,Second_Booster,
2021-06-16,Second_Booster,
2021-06-15,Second_Booster,
2021-06-14,Second_Booster,
2021-06-13,Second_Booster,
2021-06-12,Second_Booster,
2021-06-11,Second_Booster,
2021-06-10,Second_Booster,
2021-06-09,Second_Booster,
2021-06-08,Second_Booster,
2021-06-07,Second_Booster,
2021-06-06,Second_Booster,
2021-06-05,Second_Booster,
2021-06-04,Second_Booster,
2021-06-03,Second_Booster,
2021-06-02,Second_Booster,
2021-06-01,Second_Booster,
2021-05-31,Second_Booster,
2021-05-30,Second_Booster,
2021-05-29,Second_Booster,
2021-05-28,Second_Booster,
2021-05-27,Second_Booster,
2021-05-26,Second_Booster,
2021-05-25,Second_Booster,
2021-05-24,Second_Booster,
2021-05-23,Second_Booster,
2021-05-22,Second_Booster,
2021-05-21,Second_Booster,
2021-05-20,Second_Booster,
2021-05-19,Second_Booster,
2021-05-18,Second_Booster,
2021-05-17,Second_Booster,
2021-05-16,Second_Booster,
2021-05-15,Second_Booster,
2021-05-14,Second_Booster,
2021-05-13,Second_Booster,
2021-05-12,Second_Booster,
2021-05-11,Second_Booster,
2021-05-10,Second_Booster,
2021-05-09,Second_Booster,
2021-05-08,Second_Booster,
2021-05-07,Second_Booster,
2021-05-06,Second_Booster,
2021-05-05,Second_Booster,
2021-05-04,Second_Booster,
2021-05-03,Second_Booster,
2021-05-02,Second_Booster,
2021-05-01,Second_Booster,
2021-04-30,Second_Booster,
2021-04-29,Second_Booster,
2021-04-28,Second_Booster,
2021-04-27,Second_Booster,
2021-04-26,Second_Booster,
2021-04-25,Second_Booster,
2021-04-24,Second_Booster,
2021-04-23,Second_Booster,
2021-04-22,Second_Booster,
2021-04-21,Second_Booster,
2021-04-20,Second_Booster,
2021-04-19,Second_Booster,
2021-04-18,Second_Booster,
2021-04-17,Second_Booster,
2021-04-16,Second_Booster,
2021-04-15,Second_Booster,
2021-04-14,Second_Booster,
2021-04-13,Second_Booster,
2021-04-12,Second_Booster,
2021-04-11,Second_Booster,
2021-04-10,Second_Booster,
2021-04-09,Second_Booster,
2021-04-08,Second_Booster,
2021-04-07,Second_Booster,
2021-04-06,Second_Booster,
2021-04-05,Second_Booster,
2021-04-04,Second_Booster,
2021-04-03,Second_Booster,
2021-04-02,Second_Booster,
2021-04-01,Second_Booster,
2021-03-31,Second_Booster,
2021-03-30,Second_Booster,
2021-03-29,Second_Booster,
2021-03-28,Second_Booster,
2021-03-27,Second_Booster,
2021-03-26,Second_Booster,
2021-03-25,Second_Booster,
2021-03-24,Second_Booster,
2021-03-23,Second_Booster,
2021-03-22,Second_Booster,
2021-03-21,Second_Booster,
2021-03-20,Second_Booster,
2021-03-19,Second_Booster,
2021-03-18,Second_Booster,
2021-03-17,Second_Booster,
2021-03-16,Second_Booster,
2021-03-15,Second_Booster,
2021-03-14,Second_Booster,
2021-03-13,Second_Booster,
2021-03-12,Second_Booster,
2021-03-11,Second_Booster,
2021-03-10,Second_Booster,
2021-03-09,Second_Booster,
2021-03-08,Second_Booster,
2021-03-07,Second_Booster,
2021-03-06,Second_Booster,
2021-03-05,Second_Booster,
2021-03-04,Second_Booster,
2021-03-03,Second_Booster,
2021-03-02,Second_Booster,
2021-03-01,Second_Booster,
2021-02-28,Second_Booster,
2021-02-27,Second_Booster,
2021-02-26,Second_Booster,
2021-02-25,Second_Booster,
2021-02-24,Second_Booster,
2021-02-23,Second_Booster,
2021-02-22,Second_Booster,
2021-02-21,Second_Booster,
2021-02-20,Second_Booster,
2021-02-19,Second_Booster,
2021-02-18,Second_Booster,
2021-02-17,Second_Booster,
2021-02-16,Second_Booster,
2021-02-15,Second_Booster,
2021-02-14,Second_Booster,
2021-02-13,Second_Booster,
2021-02-12,Second_Booster,
2021-02-11,Second_Booster,
2021-02-10,Second_Booster,
2021-02-09,Second_Booster,
2021-02-08,Second_Booster,
2021-02-07,Second_Booster,
2021-02-06,Second_Booster,
2021-02-05,Second_Booster,
2021-02-04,Second_Booster,
2021-02-03,Second_Booster,
2021-02-02,Second_Booster,
2021-02-01,Second_Booster,
2021-01-31,Second_Booster,
2021-01-30,Second_Booster,
2021-01-29,Second_Booster,
2021-01-28,Second_Booster,
2021-01-27,Second_Booster,
2021-01-26,Second_Booster,
2021-01-25,Second_Booster,
2021-01-24,Second_Booster,
2021-01-23,Second_Booster,
2021-01-22,Second_Booster,
2021-01-21,Second_Booster,
2021-01-20,Second_Booster,
2021-01-19,Second_Booster,
2021-01-18,Second_Booster,
2021-01-17,Second_Booster,
2021-01-16,Second_Booster,
2021-01-15,Second_Booster,
2021-01-14,Second_Booster,
2021-01-13,Second_Booster,
2021-01-12,Second_Booster,
2021-01-11,Second_Booster,
2021-01-10,Second_Booster,
2021-01-09,Second_Booster,
2021-01-08,Second_Booster,
2021-01-07,Second_Booster,
2021-01-06,Second_Booster,
2021-01-05,Second_Booster,
2021-01-04,Second_Booster,
2021-01-03,Second_Booster,
2021-01-02,Second_Booster,
2021-01-01,Second_Booster,
2020-12-31,Second_Booster,
2020-12-30,Second_Booster,
2020-12-29,Second_Booster,
2020-12-28,Second_Booster,
2020-12-27,Second_Booster,
2020-12-26,Second_Booster,
2020-12-25,Second_Booster,
2020-12-24,Second_Booster,
2020-12-23,Second_Booster,
2020-12-22,Second_Booster,
2020-12-21,Second_Booster,
2020-12-20,Second_Booster,
2020-12-19,Second_Booster,
2020-12-18,Second_Booster,
2020-12-17,Second_Booster,
2020-12-16,Second_Booster,
2020-12-15,Second_Booster,
2020-12-14,Second_Booster,
2020-12-13,Second_Booster,
